id,academy_id,sport_key,skill_category,age_groups,level,duration_min,equipment,description,media,standard_parameters,title
e641a9f9-a3bb-4c65-b866-b365111dd844,2301f327-b291-495d-a14f-e55b1f1f9212,football,Dribbling,{},intermediate,20,{},Dribbling development drill for Football.,"[{""url"": ""https://www.youtube.com/results?search_query=football+cone+dribbling+drill"", ""type"": ""video""}]",,Cone Weave Dribbling
bfeec68d-601a-42fe-a05d-895b74f133c3,2301f327-b291-495d-a14f-e55b1f1f9212,football,Passing,{},intermediate,20,{},Passing development drill for Football.,"[{""url"": ""https://www.youtube.com/results?search_query=football+one+touch+passing+drill"", ""type"": ""video""}]",,One-Touch Passing Square
a7babf0c-9bfd-4450-9644-f60a97ceee7a,2301f327-b291-495d-a14f-e55b1f1f9212,football,Shooting,{},intermediate,20,{},Shooting development drill for Football.,"[{""url"": ""https://www.youtube.com/results?search_query=football+finishing+drill"", ""type"": ""video""}]",,Finishing Under Pressure
f2276129-0782-474c-978a-8449504e2649,2301f327-b291-495d-a14f-e55b1f1f9212,tennis,Groundstrokes,{},intermediate,20,{},Groundstrokes development drill for Tennis.,"[{""url"": ""https://www.youtube.com/results?search_query=tennis+cross+court+drill"", ""type"": ""video""}]",,Cross-Court Consistency
6877d503-b3e4-4c04-98e6-8c6e1fc8f2f4,2301f327-b291-495d-a14f-e55b1f1f9212,tennis,Footwork,{},intermediate,20,{},Footwork development drill for Tennis.,"[{""url"": ""https://www.youtube.com/results?search_query=tennis+split+step+drill"", ""type"": ""video""}]",,Split-Step Reaction
ae4d11ee-503e-4ccf-ba29-fbaeb3a458e4,2301f327-b291-495d-a14f-e55b1f1f9212,tennis,Serve,{},intermediate,20,{},Serve development drill for Tennis.,"[{""url"": ""https://www.youtube.com/results?search_query=tennis+serve+toss+drill"", ""type"": ""video""}]",,Serve Toss Precision
60e25412-897d-4765-b4b1-5dd20e659a6f,2301f327-b291-495d-a14f-e55b1f1f9212,basketball,Finishing,{},intermediate,20,{},Finishing development drill for Basketball.,"[{""url"": ""https://www.youtube.com/results?search_query=mikan+drill+basketball"", ""type"": ""video""}]",,Mikan Layup Series
8ebb4b51-ef9c-4ce6-9a78-52fe99f07e40,2301f327-b291-495d-a14f-e55b1f1f9212,basketball,Handles,{},intermediate,20,{},Handles development drill for Basketball.,"[{""url"": ""https://www.youtube.com/results?search_query=two+ball+dribbling+drill"", ""type"": ""video""}]",,Two-Ball Dribbling
adf4f52f-beb2-4f08-9ae0-3fa3bc148044,2301f327-b291-495d-a14f-e55b1f1f9212,basketball,Defense,{},intermediate,20,{},Defense development drill for Basketball.,"[{""url"": ""https://www.youtube.com/results?search_query=basketball+closeout+drill"", ""type"": ""video""}]",,Closeout Defense Slides
e01fcf66-718d-4c67-be90-d5c323c65287,2301f327-b291-495d-a14f-e55b1f1f9212,badminton,Strokes,{},intermediate,25,{},Continuous three-shot rally pattern to groove length control and deception.,"[{""url"": ""https://www.youtube.com/results?search_query=badminton+Clear-Drop-Smash%20Cycle"", ""type"": ""video""}]",,Clear-Drop-Smash Cycle
326fded0-4e96-46fb-9c5e-1d17b6028f4e,2301f327-b291-495d-a14f-e55b1f1f9212,badminton,Defense,{},advanced,20,{},Rapid-fire smash defense with 20-shuttle feeds; emphasize flat block returns.,"[{""url"": ""https://www.youtube.com/results?search_query=badminton+Multi-Shuttle%20Defense"", ""type"": ""video""}]",,Multi-Shuttle Defense
e2c2b461-8d6a-4edd-8c76-36e513685164,2301f327-b291-495d-a14f-e55b1f1f9212,badminton,Net play,{},intermediate,20,{},Feeder lifts short serves; player attacks the net kill within two steps.,"[{""url"": ""https://www.youtube.com/results?search_query=badminton+Net%20Kill%20Reaction"", ""type"": ""video""}]",,Net Kill Reaction
3fbd7a26-81fb-4eea-a88f-adb7191d7cb2,2301f327-b291-495d-a14f-e55b1f1f9212,badminton,Footwork,{},beginner,15,{},Six-corner shadow movement with split-step resets. Focus on recovery to base.,"[{""url"": ""https://www.youtube.com/results?search_query=badminton+Shadow%20Footwork%20Ladder"", ""type"": ""video""}]",,Shadow Footwork Ladder
810d35f6-e458-4fac-a95a-b4ba011636e4,2301f327-b291-495d-a14f-e55b1f1f9212,billiards,Conditioning,{},intermediate,20,{},Conditioning development drill for Billiards.,"[{""url"": ""https://www.youtube.com/results?search_query=billiards+warm+up+drill"", ""type"": ""video""}]",,Billiards Warm-up Circuit
da32ceab-99e5-4e11-949b-2c33f140ce18,2301f327-b291-495d-a14f-e55b1f1f9212,billiards,Technique,{},intermediate,20,{},Technique development drill for Billiards.,"[{""url"": ""https://www.youtube.com/results?search_query=billiards+skills+drill+beginners"", ""type"": ""video""}]",,Billiards Core Skill Builder
e45a0347-3078-4a68-bc46-552fd0d42943,2301f327-b291-495d-a14f-e55b1f1f9212,billiards,Game play,{},intermediate,20,{},Game play development drill for Billiards.,"[{""url"": ""https://www.youtube.com/results?search_query=billiards+practice+match+drills"", ""type"": ""video""}]",,Billiards Match Simulation
230d8191-e696-4788-81f8-32c2fbd5b6d7,3af25196-f3f9-4474-b1b9-02c9f1bbfd08,cricket,,{},beginner,10,{},,"[{""url"": ""/uploads/3af25196-f3f9-4474-b1b9-02c9f1bbfd08/eaab18ff-2a43-4f63-ac5a-c698807c2086.png"", ""type"": ""diagram""}, {""url"": ""https://www.youtube.com/watch?v=1n6DPBQhOsw"", ""type"": ""video""}]",,Cover Drive Practice
4d9fcd3c-e39a-4431-9649-37ed97d93b71,3af25196-f3f9-4474-b1b9-02c9f1bbfd08,football,Ball Control,{},beginner,15,"{cones,balls}",Dribble through a line of cones to improve close control.,"[{""url"": ""https://www.youtube.com/watch?v=ymkZ4dCbnBI"", ""type"": ""video""}]",,Cone Dribbling
a8babd66-16ba-4d4c-82d9-98c631984ef7,3af25196-f3f9-4474-b1b9-02c9f1bbfd08,badminton,Footwork,{},beginner,10,{},Shadow the six corners of the court without a shuttle to build footwork memory.,"[{""url"": ""https://www.youtube.com/watch?v=8j2lWKegYbc"", ""type"": ""video""}]",,Shadow Footwork
13184f91-f832-48f6-a2ac-0a9efc334e0d,3af25196-f3f9-4474-b1b9-02c9f1bbfd08,badminton,Net Play,{},intermediate,15,{shuttles},Repeated net drops from mid-court to sharpen touch at the net.,"[{""url"": ""https://www.youtube.com/watch?v=8j2lWKegYbc"", ""type"": ""video""}]",,Net Drop Practice
45f6553a-7b69-4970-9e3f-8f3603f05d30,3af25196-f3f9-4474-b1b9-02c9f1bbfd08,basketball,Finishing,{},beginner,15,{basketballs},Continuous layup line drill from both wings.,"[{""url"": ""https://www.youtube.com/watch?v=1z8vT6nQKKM"", ""type"": ""video""}]",,Layup Lines
bf766726-a200-4565-acf6-0117543d1bdc,2301f327-b291-495d-a14f-e55b1f1f9212,cricket,Conditioning,{},intermediate,20,{},Conditioning development drill for Cricket.,"[{""url"": ""https://www.youtube.com/results?search_query=cricket+warm+up+drill"", ""type"": ""video""}]",,Cricket Warm-up Circuit
418eef0c-36ba-456d-ad5e-7671ba685b21,2301f327-b291-495d-a14f-e55b1f1f9212,cricket,Technique,{},intermediate,20,{},Technique development drill for Cricket.,"[{""url"": ""https://www.youtube.com/results?search_query=cricket+skills+drill+beginners"", ""type"": ""video""}]",,Cricket Core Skill Builder
191e8d26-9f36-4a53-823f-a14295992103,2301f327-b291-495d-a14f-e55b1f1f9212,cricket,Game play,{},intermediate,20,{},Game play development drill for Cricket.,"[{""url"": ""https://www.youtube.com/results?search_query=cricket+practice+match+drills"", ""type"": ""video""}]",,Cricket Match Simulation
85bbd14c-528c-4732-8752-9f70541a5400,2301f327-b291-495d-a14f-e55b1f1f9212,hockey,Conditioning,{},intermediate,20,{},Conditioning development drill for Hockey.,"[{""url"": ""https://www.youtube.com/results?search_query=hockey+warm+up+drill"", ""type"": ""video""}]",,Hockey Warm-up Circuit
b8a33b89-2820-4613-8c45-06a20cc12ca9,2301f327-b291-495d-a14f-e55b1f1f9212,hockey,Technique,{},intermediate,20,{},Technique development drill for Hockey.,"[{""url"": ""https://www.youtube.com/results?search_query=hockey+skills+drill+beginners"", ""type"": ""video""}]",,Hockey Core Skill Builder
70a961d1-b763-49fd-9b67-20d4f29435b6,2301f327-b291-495d-a14f-e55b1f1f9212,hockey,Game play,{},intermediate,20,{},Game play development drill for Hockey.,"[{""url"": ""https://www.youtube.com/results?search_query=hockey+practice+match+drills"", ""type"": ""video""}]",,Hockey Match Simulation
1766e94e-0d8d-43b1-9d89-cab59cc9f406,2301f327-b291-495d-a14f-e55b1f1f9212,kabaddi,Conditioning,{},intermediate,20,{},Conditioning development drill for Kabaddi.,"[{""url"": ""https://www.youtube.com/results?search_query=kabaddi+warm+up+drill"", ""type"": ""video""}]",,Kabaddi Warm-up Circuit
d14e565b-c15d-4f6c-8280-9a985c944e6c,2301f327-b291-495d-a14f-e55b1f1f9212,kabaddi,Technique,{},intermediate,20,{},Technique development drill for Kabaddi.,"[{""url"": ""https://www.youtube.com/results?search_query=kabaddi+skills+drill+beginners"", ""type"": ""video""}]",,Kabaddi Core Skill Builder
44e64a57-304c-4caf-b0e2-31ff420ea95a,2301f327-b291-495d-a14f-e55b1f1f9212,kabaddi,Game play,{},intermediate,20,{},Game play development drill for Kabaddi.,"[{""url"": ""https://www.youtube.com/results?search_query=kabaddi+practice+match+drills"", ""type"": ""video""}]",,Kabaddi Match Simulation
5981d699-59c9-4eb1-912d-80aea570f3b3,2301f327-b291-495d-a14f-e55b1f1f9212,swimming,Conditioning,{},intermediate,20,{},Conditioning development drill for Swimming.,"[{""url"": ""https://www.youtube.com/results?search_query=swimming+warm+up+drill"", ""type"": ""video""}]",,Swimming Warm-up Circuit
8dc2fdda-48c9-4f09-873a-74376299e91c,2301f327-b291-495d-a14f-e55b1f1f9212,swimming,Technique,{},intermediate,20,{},Technique development drill for Swimming.,"[{""url"": ""https://www.youtube.com/results?search_query=swimming+skills+drill+beginners"", ""type"": ""video""}]",,Swimming Core Skill Builder
eafcfaf9-3624-4b99-a915-3f3de3c14308,2301f327-b291-495d-a14f-e55b1f1f9212,swimming,Game play,{},intermediate,20,{},Game play development drill for Swimming.,"[{""url"": ""https://www.youtube.com/results?search_query=swimming+practice+match+drills"", ""type"": ""video""}]",,Swimming Match Simulation
e907cda6-b6b8-48dc-8178-cae48acf1275,2301f327-b291-495d-a14f-e55b1f1f9212,table_tennis,Conditioning,{},intermediate,20,{},Conditioning development drill for Table Tennis.,"[{""url"": ""https://www.youtube.com/results?search_query=table+tennis+warm+up+drill"", ""type"": ""video""}]",,Table Tennis Warm-up Circuit
ab99a313-98c9-4dcb-9943-e7308156665c,2301f327-b291-495d-a14f-e55b1f1f9212,table_tennis,Technique,{},intermediate,20,{},Technique development drill for Table Tennis.,"[{""url"": ""https://www.youtube.com/results?search_query=table+tennis+skills+drill+beginners"", ""type"": ""video""}]",,Table Tennis Core Skill Builder
3a196044-a34a-4441-8711-83f47efb6503,2301f327-b291-495d-a14f-e55b1f1f9212,table_tennis,Game play,{},intermediate,20,{},Game play development drill for Table Tennis.,"[{""url"": ""https://www.youtube.com/results?search_query=table+tennis+practice+match+drills"", ""type"": ""video""}]",,Table Tennis Match Simulation
51f2220b-83f8-4104-ab79-d72af0ad05fa,2301f327-b291-495d-a14f-e55b1f1f9212,throwball,Conditioning,{},intermediate,20,{},Conditioning development drill for Throwball.,"[{""url"": ""https://www.youtube.com/results?search_query=throwball+warm+up+drill"", ""type"": ""video""}]",,Throwball Warm-up Circuit
6aed7e28-49a0-4e0c-8076-4166997c30a1,2301f327-b291-495d-a14f-e55b1f1f9212,throwball,Technique,{},intermediate,20,{},Technique development drill for Throwball.,"[{""url"": ""https://www.youtube.com/results?search_query=throwball+skills+drill+beginners"", ""type"": ""video""}]",,Throwball Core Skill Builder
e6d5a4a7-2378-4d3d-998c-5bf8a00c17bf,2301f327-b291-495d-a14f-e55b1f1f9212,throwball,Game play,{},intermediate,20,{},Game play development drill for Throwball.,"[{""url"": ""https://www.youtube.com/results?search_query=throwball+practice+match+drills"", ""type"": ""video""}]",,Throwball Match Simulation
765d3e72-79a8-4d29-be08-207548abc616,2301f327-b291-495d-a14f-e55b1f1f9212,track_and_field,Conditioning,{},intermediate,20,{},Conditioning development drill for Track and Field.,"[{""url"": ""https://www.youtube.com/results?search_query=track+and+field+warm+up+drill"", ""type"": ""video""}]",,Track and Field Warm-up Circuit
ec16b903-ad88-40f1-bd68-5ce4acf781c2,2301f327-b291-495d-a14f-e55b1f1f9212,track_and_field,Technique,{},intermediate,20,{},Technique development drill for Track and Field.,"[{""url"": ""https://www.youtube.com/results?search_query=track+and+field+skills+drill+beginners"", ""type"": ""video""}]",,Track and Field Core Skill Builder
70e2081d-187c-4f15-8105-578257bf3e17,2301f327-b291-495d-a14f-e55b1f1f9212,track_and_field,Game play,{},intermediate,20,{},Game play development drill for Track and Field.,"[{""url"": ""https://www.youtube.com/results?search_query=track+and+field+practice+match+drills"", ""type"": ""video""}]",,Track and Field Match Simulation
cdb138d4-d790-47ee-a05f-2e7f2fe38154,2301f327-b291-495d-a14f-e55b1f1f9212,volleyball,Conditioning,{},intermediate,20,{},Conditioning development drill for Volleyball.,"[{""url"": ""https://www.youtube.com/results?search_query=volleyball+warm+up+drill"", ""type"": ""video""}]",,Volleyball Warm-up Circuit
75ffa4fc-61c4-483e-be75-77bed464cbf2,2301f327-b291-495d-a14f-e55b1f1f9212,volleyball,Technique,{},intermediate,20,{},Technique development drill for Volleyball.,"[{""url"": ""https://www.youtube.com/results?search_query=volleyball+skills+drill+beginners"", ""type"": ""video""}]",,Volleyball Core Skill Builder
d441314a-685a-4d9a-9728-0f70ee93a58c,2301f327-b291-495d-a14f-e55b1f1f9212,volleyball,Game play,{},intermediate,20,{},Game play development drill for Volleyball.,"[{""url"": ""https://www.youtube.com/results?search_query=volleyball+practice+match+drills"", ""type"": ""video""}]",,Volleyball Match Simulation
e763eb12-108d-4d12-b4bd-61642cb189e2,2301f327-b291-495d-a14f-e55b1f1f9212,badminton,Footwork,"{U-10,U-12,U-14}",beginner,15,{},Split-step then push to all six corners; lunge with racket ready.,"[{""url"": ""https://www.youtube.com/watch?v=IX0V56ZuG9w"", ""type"": ""video""}]",,Shadow Footwork 6 Corners
3be72987-e113-4228-8831-dceecb058e2d,2301f327-b291-495d-a14f-e55b1f1f9212,badminton,Serving,"{U-10,U-12,U-14}",beginner,15,{},20 high serves landing in the back tramline target box.,"[{""url"": ""https://www.youtube.com/watch?v=8j2lWKegYbc"", ""type"": ""video""}]",,High Serve Consistency
5c92d3da-4ca2-43d3-b2cc-0e172c53fd05,2301f327-b291-495d-a14f-e55b1f1f9212,badminton,Net Play,"{U-10,U-12,U-14}",beginner,15,{},"Feeder lifts loose shuttles; attacker kills with a tap, not a swing.","[{""url"": ""https://www.youtube.com/watch?v=BOaBQBBEgnE"", ""type"": ""video""}]",,Net Kill Reaction Drill
019c9c80-80a8-4025-b61f-8285cb969257,2301f327-b291-495d-a14f-e55b1f1f9212,basketball,Shooting,"{U-10,U-12,U-14}",beginner,15,{},"One-hand form shots from 5 spots, perfect arc and follow-through.","[{""url"": ""https://www.youtube.com/watch?v=K2Zx5cP7O9Y"", ""type"": ""video""}]",,Form Shooting Close Range
7398cddc-f2a1-4216-bb10-5527607eea4d,2301f327-b291-495d-a14f-e55b1f1f9212,billiards,Cue Action,"{U-10,U-12,U-14}",beginner,15,{},Cue through a bottle neck without touching — pure straight delivery.,"[{""url"": ""https://www.youtube.com/watch?v=8ivxTd86xXc"", ""type"": ""video""}]",,Straight Cueing Bottle Drill
2620a093-57f3-4301-b888-ab1662e9000b,2301f327-b291-495d-a14f-e55b1f1f9212,billiards,Position Play,"{U-10,U-12,U-14}",beginner,15,{},Centre-ball stop shots at increasing distances.,"[{""url"": ""https://www.youtube.com/watch?v=YyL3YvS0S9Q"", ""type"": ""video""}]",,Stop Shot Control
41f23154-74d5-4ebd-973d-c9e5de21f8fa,2301f327-b291-495d-a14f-e55b1f1f9212,billiards,Potting,"{U-10,U-12,U-14}",beginner,15,{},Pot the line of reds keeping the cue ball in the middle zone.,"[{""url"": ""https://www.youtube.com/watch?v=fF5PgwTLZQI"", ""type"": ""video""}]",,Line-Up Potting Routine
d1f3120b-059c-431e-8fd3-0764d3ee1bc4,2301f327-b291-495d-a14f-e55b1f1f9212,cricket,Batting,"{U-10,U-12,U-14}",beginner,15,{},"Head over the ball, high elbow, full face of the bat through the line.","[{""url"": ""https://www.youtube.com/watch?v=I9YU6vKV5B8"", ""type"": ""video""}]",,Front Foot Drive Technique
372f2ef2-f112-45a8-9c3f-81ed233e0830,2301f327-b291-495d-a14f-e55b1f1f9212,cricket,Fielding,"{U-10,U-12,U-14}",beginner,15,{},"Reverse-cup catching under the high ball, calling and footwork.","[{""url"": ""https://www.youtube.com/watch?v=1n6DPBQhOsw"", ""type"": ""video""}]",,High Catch Fielding Circuit
ec1ce908-d986-4552-95a1-36b626b6ecc8,2301f327-b291-495d-a14f-e55b1f1f9212,cricket,Bowling,"{U-10,U-12,U-14}",beginner,15,{},"Target cones at the base of off stump; 2 points blockhole, 1 point full.","[{""url"": ""https://www.youtube.com/watch?v=fyk3KpvcSdc"", ""type"": ""video""}]",,Yorker Accuracy Challenge
f56bb3bc-18cc-4c5c-ab91-8c00641cf1c7,2301f327-b291-495d-a14f-e55b1f1f9212,football,Dribbling,"{U-10,U-12,U-14}",beginner,15,{},"Close control through 1m cone gates, both feet, head up.","[{""url"": ""https://www.youtube.com/watch?v=6dpBcJllYYw"", ""type"": ""video""}]",,1v1 Dribbling Gates
621ebcb3-bcc3-43ab-894e-40994631ff29,2301f327-b291-495d-a14f-e55b1f1f9212,football,Passing,"{U-10,U-12,U-14}",beginner,15,{},One-touch and two-touch passing in a 4v1 diamond.,"[{""url"": ""https://www.youtube.com/watch?v=ymkZ4dCbnBI"", ""type"": ""video""}]",,Passing Diamond Rondo
8791940f-d157-443c-a49c-76cd79a09ae6,2301f327-b291-495d-a14f-e55b1f1f9212,football,Shooting,"{U-10,U-12,U-14}",beginner,15,{},"Near-post runs, far-post arrivals, first-time finishes.","[{""url"": ""https://www.youtube.com/watch?v=1c8I2rXjEZc"", ""type"": ""video""}]",,Finishing From Crosses
6067981d-ed8a-4d6f-85bc-2d9684e71195,2301f327-b291-495d-a14f-e55b1f1f9212,hockey,Stickwork,"{U-10,U-12,U-14}",beginner,15,{},"Push-pull dribbling through cones, ball on the stick.","[{""url"": ""https://www.youtube.com/watch?v=vlz6cUeYCbo"", ""type"": ""video""}]",,Indian Dribble Cone Weave
a7233981-de62-44b3-b93a-c95bc284a283,2301f327-b291-495d-a14f-e55b1f1f9212,hockey,Passing,"{U-10,U-12,U-14}",beginner,15,{},"Firm push passes through 1m gates, receive on the move.","[{""url"": ""https://www.youtube.com/watch?v=Z1cM4cVYq5g"", ""type"": ""video""}]",,Push Pass Accuracy Gates
ab3c7c4c-0283-4875-9889-d6016195eca8,2301f327-b291-495d-a14f-e55b1f1f9212,hockey,Defence,"{U-10,U-12,U-14}",beginner,15,{},"Channel the attacker wide, time the flat-stick tackle.","[{""url"": ""https://www.youtube.com/watch?v=Kb7NnJ8Wq0Q"", ""type"": ""video""}]",,Flat Stick Tackle Channel
fe052eb1-642f-4885-9183-7b4f35d32204,2301f327-b291-495d-a14f-e55b1f1f9212,kabaddi,Raiding,"{U-10,U-12,U-14}",beginner,15,{},"Approach, feint and toe-touch reach with quick retreat.","[{""url"": ""https://www.youtube.com/watch?v=Za0nMuIC7SA"", ""type"": ""video""}]",,Toe Touch Raid Practice
2c612d85-831d-4b34-8da2-643ef57620e6,2301f327-b291-495d-a14f-e55b1f1f9212,kabaddi,Defence,"{U-10,U-12,U-14}",beginner,15,{},Corner initiates the ankle hold; chain closes the escape.,"[{""url"": ""https://www.youtube.com/watch?v=X5F9m0uT2sE"", ""type"": ""video""}]",,Ankle Hold Chain Defence
06fe0e4e-13c1-4127-bf37-547f421b7ab3,2301f327-b291-495d-a14f-e55b1f1f9212,kabaddi,Conditioning,"{U-10,U-12,U-14}",beginner,15,{},30-second cant shuttle runs building raid stamina.,"[{""url"": ""https://www.youtube.com/watch?v=n0Q9dNjqzXc"", ""type"": ""video""}]",,Cant & Breath Control Runs
c98064e7-3dcb-4b86-b23a-cfef138e352e,2301f327-b291-495d-a14f-e55b1f1f9212,swimming,Technique,"{U-10,U-12,U-14}",beginner,15,{},One-arm-at-a-time freestyle keeping a long body line.,"[{""url"": ""https://www.youtube.com/watch?v=cyVOWXtqAlA"", ""type"": ""video""}]",,Freestyle Catch-Up Drill
2a1c9139-b280-403a-9e15-82f1288c1711,2301f327-b291-495d-a14f-e55b1f1f9212,swimming,Starts & Turns,"{U-10,U-12,U-14}",beginner,15,{},"Tight streamline off every wall, 5m underwater kick.","[{""url"": ""https://www.youtube.com/watch?v=8oT7bJq5jNs"", ""type"": ""video""}]",,Streamline Push-Off Practice
5df7ba2c-fd87-4745-aa5b-240f887ee0c3,2301f327-b291-495d-a14f-e55b1f1f9212,swimming,Kicking,"{U-10,U-12,U-14}",beginner,15,{},"Small fast kicks from the hips; toes pointed, knees quiet.","[{""url"": ""https://www.youtube.com/watch?v=Y1LKC2Ax8Rw"", ""type"": ""video""}]",,Flutter Kick with Board
8712ba7f-a4fa-48b4-a04e-1a8b3e53d8e2,2301f327-b291-495d-a14f-e55b1f1f9212,tennis,Groundstrokes,"{U-10,U-12,U-14}",beginner,15,{},"Progressive cross-court forehands: 5 in, move the target deeper.","[{""url"": ""https://www.youtube.com/watch?v=6yFDF1EYWY8"", ""type"": ""video""}]",,Forehand Cross-Court Ladder
95258f90-737e-4a57-9f6c-b519741691cd,2301f327-b291-495d-a14f-e55b1f1f9212,tennis,Footwork,"{U-10,U-12,U-14}",beginner,15,{},Split-step timing on the feeder's contact; explode to the ball.,"[{""url"": ""https://www.youtube.com/watch?v=8vGqkG3xw3E"", ""type"": ""video""}]",,Split-Step Reaction Drill
c1a68fdf-2ff5-4fda-be08-6e9ca3cc5df2,2301f327-b291-495d-a14f-e55b1f1f9212,tennis,Serving,"{U-10,U-12,U-14}",beginner,15,{},"Toss into a racquet-head target on the ground, 10 in a row.","[{""url"": ""https://www.youtube.com/watch?v=D8k6EzVzTZQ"", ""type"": ""video""}]",,Serve Toss Consistency
c9f5d26d-80e0-405c-8940-39dea39e6655,2301f327-b291-495d-a14f-e55b1f1f9212,throwball,Throwing,"{U-10,U-12,U-14}",beginner,15,{},Single-hand overhead throws into deep-court target zones.,"[{""url"": ""https://www.youtube.com/watch?v=vVg36bdDX1M"", ""type"": ""video""}]",,Overhead Throw Accuracy
5ced0fc2-9218-4a5a-b7fb-bc0d6b31115c,2301f327-b291-495d-a14f-e55b1f1f9212,throwball,Receiving,"{U-10,U-12,U-14}",beginner,15,{},"Clean two-hand catches, quick transfer, release inside 3 seconds.","[{""url"": ""https://www.youtube.com/watch?v=NxN1flC0lQY"", ""type"": ""video""}]",,Two-Hand Catch & Release
1be2aad5-9791-4a86-bdef-43e751c00f7a,2301f327-b291-495d-a14f-e55b1f1f9212,throwball,Serving,"{U-10,U-12,U-14}",beginner,15,{},Serves targeted at the back corners from behind the service line.,"[{""url"": ""https://www.youtube.com/watch?v=k9Yo4LFI0Ag"", ""type"": ""video""}]",,Service Line Placement
88ab44d7-f22c-4883-952e-74293987418f,2301f327-b291-495d-a14f-e55b1f1f9212,volleyball,Passing,"{U-10,U-12,U-14}",beginner,15,{},"Forearm platform passing against the wall, 20 controlled reps.","[{""url"": ""https://www.youtube.com/watch?v=6R1sQnhBpjM"", ""type"": ""video""}]",,Wall Passing Control
f8990361-68ed-4ec8-88f5-366c0b0ebb07,2301f327-b291-495d-a14f-e55b1f1f9212,volleyball,Setting,"{U-10,U-12,U-14}",beginner,15,{},"Right-left finish to the ball, square shoulders to target.","[{""url"": ""https://www.youtube.com/watch?v=x0V0lD8u9ZI"", ""type"": ""video""}]",,Setter Triangle Footwork
17331143-b512-4e26-8bfa-299bdad7a87c,2301f327-b291-495d-a14f-e55b1f1f9212,volleyball,Serving,"{U-10,U-12,U-14}",beginner,15,{},Underhand/float serves into numbered court zones.,"[{""url"": ""https://www.youtube.com/watch?v=lB9N1qGnQXA"", ""type"": ""video""}]",,Serve Target Zones
e7724fac-766a-4986-b7e9-333877793883,2301f327-b291-495d-a14f-e55b1f1f9212,table_tennis,Strokes,"{U-10,U-12,U-14}",beginner,15,{},Shadow strokes then 30-ball multiball to the forehand corner.,"[{""url"": ""https://www.youtube.com/watch?v=YZnGCBM0PQU"", ""type"": ""video""}]",,Forehand Drive Shadow + Multiball
c6e87665-34e2-4005-9798-8f5aad1da855,2301f327-b291-495d-a14f-e55b1f1f9212,table_tennis,Serving,"{U-10,U-12,U-14}",beginner,15,{},Brush under the ball; serve short so the second bounce stays on the table.,"[{""url"": ""https://www.youtube.com/watch?v=Sh2sN2qXcXo"", ""type"": ""video""}]",,Backspin Serve Practice
d73c92bd-8e47-46b9-a14b-9506347e187f,2301f327-b291-495d-a14f-e55b1f1f9212,table_tennis,Footwork,"{U-10,U-12,U-14}",beginner,15,{},BH-FH-FH classic 3-point movement pattern.,"[{""url"": ""https://www.youtube.com/watch?v=WOnbUZgTPBQ"", ""type"": ""video""}]",,Falkenberg Footwork Pattern
27b076e8-8ff4-4c6b-9a84-239db802be72,2301f327-b291-495d-a14f-e55b1f1f9212,track_and_field,Sprint Mechanics,"{U-10,U-12,U-14}",beginner,15,{},"Rhythmic knee drive and pawing action, tall posture.","[{""url"": ""https://www.youtube.com/watch?v=4beg5TDVrGY"", ""type"": ""video""}]",,A-Skip and B-Skip Warmup
1674560b-353b-496d-86c5-510e2cf11203,2301f327-b291-495d-a14f-e55b1f1f9212,track_and_field,Starts,"{U-10,U-12,U-14}",beginner,15,{},"45° body lean into the wall, piston knee drives on command.","[{""url"": ""https://www.youtube.com/watch?v=zVs2cIzXn0M"", ""type"": ""video""}]",,Acceleration Wall Drill
babc34f0-526b-41a7-8cff-8ff0d561c614,2301f327-b291-495d-a14f-e55b1f1f9212,track_and_field,Jumps,"{U-10,U-12,U-14}",beginner,15,{},"Arm swing, triple extension and soft landing mechanics.","[{""url"": ""https://www.youtube.com/watch?v=IdQZBpGCumU"", ""type"": ""video""}]",,Standing Long Jump Technique
ac998426-b410-4740-a4cd-6a9c6f7b3e5e,,badminton,,{},intermediate,25,"{Cones,Whistle}","Station-based circuit covering the fundamental techniques of badminton, with coach demonstrations and peer feedback rounds.","[{""url"": ""https://www.youtube.com/watch?v=8j2lWKegYbc"", ""type"": ""video""}]",,Badminton — Core Skills Circuit
033bd5be-5ad5-49a9-9282-01523a2c1448,,basketball,,{},beginner,10,"{Cones,Markers}","Progressive pulse-raiser and mobility routine tailored to basketball: light movement, dynamic stretching, and sport-specific activation patterns.","[{""url"": ""https://www.youtube.com/watch?v=Ai6cY6exp_w"", ""type"": ""video""}]",,Basketball — Dynamic Warm-up
e177b193-fe8d-4ff0-b3f5-f71bf5b48ca4,,billiards,,{},beginner,10,"{Cones,Markers}","Progressive pulse-raiser and mobility routine tailored to billiards: light movement, dynamic stretching, and sport-specific activation patterns.","[{""url"": ""https://www.youtube.com/watch?v=4beg5TDVrGY"", ""type"": ""video""}]",,Billiards — Dynamic Warm-up
bd44b732-d729-4b15-9877-7077953862ab,3af25196-f3f9-4474-b1b9-02c9f1bbfd08,cricket,Batting,{},beginner,10,"{bat,cones}",,"[{""url"": ""https://www.youtube.com/watch?v=1n6DPBQhOsw"", ""type"": ""video""}]",,Backfoot Defence
c94e0b77-69f8-4b99-85a7-e6a141a0565b,3af25196-f3f9-4474-b1b9-02c9f1bbfd08,football,Passing,{},intermediate,20,"{cones,balls}",Three-player passing drill emphasizing first-touch and movement.,"[{""url"": ""https://www.youtube.com/watch?v=ymkZ4dCbnBI"", ""type"": ""video""}]",,Passing Triangle
a3cc69b6-039b-4692-85c8-1f56d998b6d2,,chess,,{},intermediate,25,"{Cones,Whistle}","Station-based circuit covering the fundamental techniques of chess, with coach demonstrations and peer feedback rounds.","[{""url"": ""https://www.youtube.com/watch?v=6dpBcJllYYw"", ""type"": ""video""}]",,Chess — Core Skills Circuit
5b4987f6-a9b2-4647-b800-7f7fe9c0da7c,,cricket,,{},beginner,10,"{Cones,Markers}","Progressive pulse-raiser and mobility routine tailored to cricket: light movement, dynamic stretching, and sport-specific activation patterns.","[{""url"": ""https://www.youtube.com/watch?v=I9YU6vKV5B8"", ""type"": ""video""}]",,Cricket — Dynamic Warm-up
ed46941c-08a3-4759-8b96-091de6eb7ee3,,cricket,,{},intermediate,25,"{Cones,Whistle}","Station-based circuit covering the fundamental techniques of cricket, with coach demonstrations and peer feedback rounds.","[{""url"": ""https://www.youtube.com/watch?v=1n6DPBQhOsw"", ""type"": ""video""}]",,Cricket — Core Skills Circuit
049fbc17-4d74-480d-9855-69576a0f116b,,football,,{},beginner,10,"{Cones,Markers}","Progressive pulse-raiser and mobility routine tailored to football: light movement, dynamic stretching, and sport-specific activation patterns.","[{""url"": ""https://www.youtube.com/watch?v=6dpBcJllYYw"", ""type"": ""video""}]",,Football — Dynamic Warm-up
1b94b8fd-3707-436a-900e-99309b7ce41c,,hockey,,{},beginner,10,"{Cones,Markers}","Progressive pulse-raiser and mobility routine tailored to hockey: light movement, dynamic stretching, and sport-specific activation patterns.","[{""url"": ""https://www.youtube.com/watch?v=vlz6cUeYCbo"", ""type"": ""video""}]",,Hockey — Dynamic Warm-up
8baa7a7f-b9c6-4a7a-a29d-e03d11bf86c0,,hockey,,{},intermediate,25,"{Cones,Whistle}","Station-based circuit covering the fundamental techniques of hockey, with coach demonstrations and peer feedback rounds.","[{""url"": ""https://www.youtube.com/watch?v=Z1cM4cVYq5g"", ""type"": ""video""}]",,Hockey — Core Skills Circuit
2b8bb0a5-c210-4854-9c10-90375d539da9,,kabaddi,,{},beginner,10,"{Cones,Markers}","Progressive pulse-raiser and mobility routine tailored to kabaddi: light movement, dynamic stretching, and sport-specific activation patterns.","[{""url"": ""https://www.youtube.com/watch?v=4beg5TDVrGY"", ""type"": ""video""}]",,Kabaddi — Dynamic Warm-up
eb5ed1d5-0aa0-4d3a-b0f3-959626fe566f,,kabaddi,,{},intermediate,25,"{Cones,Whistle}","Station-based circuit covering the fundamental techniques of kabaddi, with coach demonstrations and peer feedback rounds.","[{""url"": ""https://www.youtube.com/watch?v=6dpBcJllYYw"", ""type"": ""video""}]",,Kabaddi — Core Skills Circuit
4b814e34-16c2-46fd-8cbb-2f4d9923d82c,,swimming,,{},intermediate,25,"{Cones,Whistle}","Station-based circuit covering the fundamental techniques of swimming, with coach demonstrations and peer feedback rounds.","[{""url"": ""https://www.youtube.com/watch?v=8oT7bJq5jNs"", ""type"": ""video""}]",,Swimming — Core Skills Circuit
b08e4463-ee18-423b-82c1-8d8e40b07675,,table_tennis,,{},beginner,10,"{Cones,Markers}","Progressive pulse-raiser and mobility routine tailored to table tennis: light movement, dynamic stretching, and sport-specific activation patterns.","[{""url"": ""https://www.youtube.com/watch?v=YZnGCBM0PQU"", ""type"": ""video""}]",,Table Tennis — Dynamic Warm-up
6cf2b9a5-c880-48e7-bbb7-861a6e849ba1,,table_tennis,,{},intermediate,25,"{Cones,Whistle}","Station-based circuit covering the fundamental techniques of table tennis, with coach demonstrations and peer feedback rounds.","[{""url"": ""https://www.youtube.com/watch?v=WOnbUZgTPBQ"", ""type"": ""video""}]",,Table Tennis — Core Skills Circuit
8c32cd68-75c2-4e47-8cdd-9038ab173d7f,,tennis,,{},intermediate,25,"{Cones,Whistle}","Station-based circuit covering the fundamental techniques of tennis, with coach demonstrations and peer feedback rounds.","[{""url"": ""https://www.youtube.com/watch?v=8vGqkG3xw3E"", ""type"": ""video""}]",,Tennis — Core Skills Circuit
47886056-6105-456e-8ec8-ec97c0862fb0,,throwball,,{},beginner,10,"{Cones,Markers}","Progressive pulse-raiser and mobility routine tailored to throwball: light movement, dynamic stretching, and sport-specific activation patterns.","[{""url"": ""https://www.youtube.com/watch?v=4beg5TDVrGY"", ""type"": ""video""}]",,Throwball — Dynamic Warm-up
aaada2de-c5ce-41cd-acd5-c47f05d04b3b,,throwball,,{},intermediate,25,"{Cones,Whistle}","Station-based circuit covering the fundamental techniques of throwball, with coach demonstrations and peer feedback rounds.","[{""url"": ""https://www.youtube.com/watch?v=6dpBcJllYYw"", ""type"": ""video""}]",,Throwball — Core Skills Circuit
1eedc87a-ebc3-4386-9e25-bc123fde5832,,track_and_field,,{},beginner,10,"{Cones,Markers}","Progressive pulse-raiser and mobility routine tailored to track and field: light movement, dynamic stretching, and sport-specific activation patterns.","[{""url"": ""https://www.youtube.com/watch?v=4beg5TDVrGY"", ""type"": ""video""}]",,Track and Field — Dynamic Warm-up
5f13916f-6fc3-4972-926b-2fb8b8b6a724,,volleyball,,{},beginner,10,"{Cones,Markers}","Progressive pulse-raiser and mobility routine tailored to volleyball: light movement, dynamic stretching, and sport-specific activation patterns.","[{""url"": ""https://www.youtube.com/watch?v=6R1sQnhBpjM"", ""type"": ""video""}]",,Volleyball — Dynamic Warm-up
566e31f9-9446-4b03-8bcc-92ea457d5a63,,volleyball,,{},intermediate,25,"{Cones,Whistle}","Station-based circuit covering the fundamental techniques of volleyball, with coach demonstrations and peer feedback rounds.","[{""url"": ""https://www.youtube.com/watch?v=x0V0lD8u9ZI"", ""type"": ""video""}]",,Volleyball — Core Skills Circuit
71046186-4a74-4f9b-8af2-e5c773a5389f,3af25196-f3f9-4474-b1b9-02c9f1bbfd08,basketball,Team Offense,{},advanced,20,"{basketballs,cones}",Two-player pick and roll reads against a passive defender.,"[{""url"": ""https://www.youtube.com/watch?v=1z8vT6nQKKM"", ""type"": ""video""}]",,Pick and Roll Drill
00556f7e-27aa-4595-b0a7-a13cfc9f50be,,badminton,,{},beginner,10,"{Cones,Markers}","Progressive pulse-raiser and mobility routine tailored to badminton: light movement, dynamic stretching, and sport-specific activation patterns.","[{""url"": ""https://www.youtube.com/watch?v=IX0V56ZuG9w"", ""type"": ""video""}]",,Badminton — Dynamic Warm-up
7abfb5be-7ba3-4ca5-bcbc-6cf96fa2d441,,basketball,,{},intermediate,25,"{Cones,Whistle}","Station-based circuit covering the fundamental techniques of basketball, with coach demonstrations and peer feedback rounds.","[{""url"": ""https://www.youtube.com/watch?v=1z8vT6nQKKM"", ""type"": ""video""}]",,Basketball — Core Skills Circuit
504d0670-6728-41bf-8c53-3e0ec27abdad,,billiards,,{},intermediate,25,"{Cones,Whistle}","Station-based circuit covering the fundamental techniques of billiards, with coach demonstrations and peer feedback rounds.","[{""url"": ""https://www.youtube.com/watch?v=6dpBcJllYYw"", ""type"": ""video""}]",,Billiards — Core Skills Circuit
974496ab-6c89-4747-b608-bde3604f381e,,chess,,{},beginner,10,"{Cones,Markers}","Progressive pulse-raiser and mobility routine tailored to chess: light movement, dynamic stretching, and sport-specific activation patterns.","[{""url"": ""https://www.youtube.com/watch?v=4beg5TDVrGY"", ""type"": ""video""}]",,Chess — Dynamic Warm-up
b87928cc-b544-41f9-8397-07e83ff000fe,,football,,{},intermediate,25,"{Cones,Whistle}","Station-based circuit covering the fundamental techniques of football, with coach demonstrations and peer feedback rounds.","[{""url"": ""https://www.youtube.com/watch?v=ymkZ4dCbnBI"", ""type"": ""video""}]",,Football — Core Skills Circuit
10aa5f1b-af51-4f8c-b648-8fc0a3bff29c,,swimming,,{},beginner,10,"{Cones,Markers}","Progressive pulse-raiser and mobility routine tailored to swimming: light movement, dynamic stretching, and sport-specific activation patterns.","[{""url"": ""https://www.youtube.com/watch?v=cyVOWXtqAlA"", ""type"": ""video""}]",,Swimming — Dynamic Warm-up
66aa2888-3159-434f-ab3a-8a3a4a441c8f,,tennis,,{},beginner,10,"{Cones,Markers}","Progressive pulse-raiser and mobility routine tailored to tennis: light movement, dynamic stretching, and sport-specific activation patterns.","[{""url"": ""https://www.youtube.com/watch?v=6yFDF1EYWY8"", ""type"": ""video""}]",,Tennis — Dynamic Warm-up
2799ff46-118b-4a31-8b0a-902fe927528a,,track_and_field,,{},intermediate,25,"{Cones,Whistle}","Station-based circuit covering the fundamental techniques of track and field, with coach demonstrations and peer feedback rounds.","[{""url"": ""https://www.youtube.com/watch?v=IX0V56ZuG9w"", ""type"": ""video""}]",,Track and Field — Core Skills Circuit
