id,class_id,semester_id,session_id,title,sport_key,level,target_duration_min,session_flow,status,academy_id,goals,objectives,what_to_bring
6daac4cb-c5e2-431c-884a-79cb5229c567,,,,Football — Match Prep Week,football,,40,"[{""order"": 0, ""drillId"": ""bfeec68d-601a-42fe-a05d-895b74f133c3"", ""drillTitle"": ""One-Touch Passing Square"", ""durationMin"": 20}, {""order"": 1, ""drillId"": ""a7babf0c-9bfd-4450-9644-f60a97ceee7a"", ""drillTitle"": ""Finishing Under Pressure"", ""durationMin"": 20}]",active,2301f327-b291-495d-a14f-e55b1f1f9212,Structured football session built from the drill bank.,{},{}
b2511b26-8f9f-4f3b-b3cd-401867b76bb5,,,,Front-Foot Drive Block,cricket,,90,"[{""order"": 0, ""drillId"": ""bd44b732-d729-4b15-9877-7077953862ab"", ""category"": ""Batting"", ""drillTitle"": ""Backfoot Defence"", ""durationMin"": 10}, {""order"": 1, ""drillId"": ""bd44b732-d729-4b15-9877-7077953862ab"", ""category"": ""Batting"", ""drillTitle"": ""Backfoot Defence"", ""durationMin"": 10}]",active,3af25196-f3f9-4474-b1b9-02c9f1bbfd08,,{},"{bat,cones}"
044c03f0-3106-4d98-a356-a4914c156b36,57f34a0d-8e2b-4a0b-988a-8ad0d1230afa,,,Football Fundamentals Session,football,intermediate,60,"[{""order"": 0, ""drillId"": ""4d9fcd3c-e39a-4431-9649-37ed97d93b71"", ""category"": ""Ball Control"", ""drillTitle"": ""Cone Dribbling"", ""durationMin"": 15}, {""order"": 1, ""drillId"": ""c94e0b77-69f8-4b99-85a7-e6a141a0565b"", ""category"": ""Passing"", ""drillTitle"": ""Passing Triangle"", ""durationMin"": 20}]",active,3af25196-f3f9-4474-b1b9-02c9f1bbfd08,Build first-touch confidence and passing accuracy under light pressure.,"{""Improve close control"",""Sharpen passing accuracy"",""Build game awareness""}","{cones,balls}"
4fe7733d-7271-4e73-a952-3e0d71760b6b,58e54f99-61a5-456e-843a-f61ae370831c,,,Basketball Finishing & Offense,basketball,intermediate,60,"[{""order"": 0, ""drillId"": ""45f6553a-7b69-4970-9e3f-8f3603f05d30"", ""category"": ""Finishing"", ""drillTitle"": ""Layup Lines"", ""durationMin"": 15}, {""order"": 1, ""drillId"": ""71046186-4a74-4f9b-8af2-e5c773a5389f"", ""category"": ""Team Offense"", ""drillTitle"": ""Pick and Roll Drill"", ""durationMin"": 20}]",active,3af25196-f3f9-4474-b1b9-02c9f1bbfd08,Improve finishing at the rim and two-man game reads.,"{""Increase layup conversion"",""Understand pick and roll timing""}","{basketballs,cones}"
088d6013-4c10-49ec-91d6-e74e47b6ba21,26eda40f-f995-40d7-ad98-d65ea2f913f0,,,Badminton Footwork & Net Play,badminton,beginner,45,"[{""order"": 0, ""drillId"": ""a8babd66-16ba-4d4c-82d9-98c631984ef7"", ""category"": ""Footwork"", ""drillTitle"": ""Shadow Footwork"", ""durationMin"": 10}, {""order"": 1, ""drillId"": ""13184f91-f832-48f6-a2ac-0a9efc334e0d"", ""category"": ""Net Play"", ""drillTitle"": ""Net Drop Practice"", ""durationMin"": 15}, {""order"": 2, ""drillId"": ""13184f91-f832-48f6-a2ac-0a9efc334e0d"", ""category"": ""Net Play"", ""drillTitle"": ""Net Drop Practice"", ""durationMin"": 15}]",active,3af25196-f3f9-4474-b1b9-02c9f1bbfd08,Establish footwork patterns and basic net touch.,"{""Build court coverage habits"",""Improve net-play softness""}",{shuttles}
fd4a504d-6306-4cc8-b68c-0bf1eaab1a67,9951f74d-2376-429e-8688-d6107233b71e,,,Week 1 — Movement Foundations,badminton,,60,"[{""order"": 0, ""drillId"": ""3fbd7a26-81fb-4eea-a88f-adb7191d7cb2"", ""drillTitle"": ""Shadow Footwork Ladder"", ""durationMin"": 15}, {""order"": 1, ""drillId"": ""e01fcf66-718d-4c67-be90-d5c323c65287"", ""drillTitle"": ""Clear-Drop-Smash Cycle"", ""durationMin"": 25}, {""order"": 2, ""drillId"": ""e2c2b461-8d6a-4edd-8c76-36e513685164"", ""drillTitle"": ""Net Kill Reaction"", ""durationMin"": 20}]",active,2301f327-b291-495d-a14f-e55b1f1f9212,Establish base position habits and efficient court coverage.,{},{}
70dc7ca4-b174-4f9a-a4aa-8450ca68720d,9951f74d-2376-429e-8688-d6107233b71e,,,Week 2 — Attack & Defend,badminton,,65,"[{""order"": 0, ""drillId"": ""e2c2b461-8d6a-4edd-8c76-36e513685164"", ""drillTitle"": ""Net Kill Reaction"", ""durationMin"": 20}, {""order"": 1, ""drillId"": ""326fded0-4e96-46fb-9c5e-1d17b6028f4e"", ""drillTitle"": ""Multi-Shuttle Defense"", ""durationMin"": 20}, {""order"": 2, ""drillId"": ""e01fcf66-718d-4c67-be90-d5c323c65287"", ""drillTitle"": ""Clear-Drop-Smash Cycle"", ""durationMin"": 25}]",active,2301f327-b291-495d-a14f-e55b1f1f9212,Convert rallies with net pressure; stay calm under smash barrage.,{},{}
7a7137c3-15a9-4988-a86d-b0df9bb9e328,,,,Badminton — Fundamentals Week,badminton,,40,"[{""order"": 0, ""drillId"": ""3fbd7a26-81fb-4eea-a88f-adb7191d7cb2"", ""drillTitle"": ""Shadow Footwork Ladder"", ""durationMin"": 20}, {""order"": 1, ""drillId"": ""e2c2b461-8d6a-4edd-8c76-36e513685164"", ""drillTitle"": ""Net Kill Reaction"", ""durationMin"": 20}]",active,2301f327-b291-495d-a14f-e55b1f1f9212,Structured badminton session built from the drill bank.,{},{}
2c478731-7371-425b-a95b-a2a5766973ce,,,,Badminton — Match Prep Week,badminton,,40,"[{""order"": 0, ""drillId"": ""e2c2b461-8d6a-4edd-8c76-36e513685164"", ""drillTitle"": ""Net Kill Reaction"", ""durationMin"": 20}, {""order"": 1, ""drillId"": ""e01fcf66-718d-4c67-be90-d5c323c65287"", ""drillTitle"": ""Clear-Drop-Smash Cycle"", ""durationMin"": 20}]",active,2301f327-b291-495d-a14f-e55b1f1f9212,Structured badminton session built from the drill bank.,{},{}
a06cb6e3-8b00-403d-b12c-0fefafbc8c06,,,,Football — Fundamentals Week,football,,40,"[{""order"": 0, ""drillId"": ""e641a9f9-a3bb-4c65-b866-b365111dd844"", ""drillTitle"": ""Cone Weave Dribbling"", ""durationMin"": 20}, {""order"": 1, ""drillId"": ""bfeec68d-601a-42fe-a05d-895b74f133c3"", ""drillTitle"": ""One-Touch Passing Square"", ""durationMin"": 20}]",active,2301f327-b291-495d-a14f-e55b1f1f9212,Structured football session built from the drill bank.,{},{}
9e4712cc-2312-4668-a21b-aa656b4d7d9b,,,,Tennis — Fundamentals Week,tennis,,40,"[{""order"": 0, ""drillId"": ""f2276129-0782-474c-978a-8449504e2649"", ""drillTitle"": ""Cross-Court Consistency"", ""durationMin"": 20}, {""order"": 1, ""drillId"": ""6877d503-b3e4-4c04-98e6-8c6e1fc8f2f4"", ""drillTitle"": ""Split-Step Reaction"", ""durationMin"": 20}]",active,2301f327-b291-495d-a14f-e55b1f1f9212,Structured tennis session built from the drill bank.,{},{}
488aee6b-a0c6-423c-b2a9-f66d50078abe,,,,Tennis — Match Prep Week,tennis,,40,"[{""order"": 0, ""drillId"": ""6877d503-b3e4-4c04-98e6-8c6e1fc8f2f4"", ""drillTitle"": ""Split-Step Reaction"", ""durationMin"": 20}, {""order"": 1, ""drillId"": ""ae4d11ee-503e-4ccf-ba29-fbaeb3a458e4"", ""drillTitle"": ""Serve Toss Precision"", ""durationMin"": 20}]",active,2301f327-b291-495d-a14f-e55b1f1f9212,Structured tennis session built from the drill bank.,{},{}
7b1c5422-fdd8-4362-a8f7-ffad1da03606,,,,Basketball — Fundamentals Week,basketball,,40,"[{""order"": 0, ""drillId"": ""60e25412-897d-4765-b4b1-5dd20e659a6f"", ""drillTitle"": ""Mikan Layup Series"", ""durationMin"": 20}, {""order"": 1, ""drillId"": ""8ebb4b51-ef9c-4ce6-9a78-52fe99f07e40"", ""drillTitle"": ""Two-Ball Dribbling"", ""durationMin"": 20}]",active,2301f327-b291-495d-a14f-e55b1f1f9212,Structured basketball session built from the drill bank.,{},{}
a4a776b9-e4f4-4203-81f3-13e5d809477f,,,,Basketball — Match Prep Week,basketball,,40,"[{""order"": 0, ""drillId"": ""8ebb4b51-ef9c-4ce6-9a78-52fe99f07e40"", ""drillTitle"": ""Two-Ball Dribbling"", ""durationMin"": 20}, {""order"": 1, ""drillId"": ""adf4f52f-beb2-4f08-9ae0-3fa3bc148044"", ""drillTitle"": ""Closeout Defense Slides"", ""durationMin"": 20}]",active,2301f327-b291-495d-a14f-e55b1f1f9212,Structured basketball session built from the drill bank.,{},{}
88736431-2398-42fc-8529-bf58755dd7b1,,,,Billiards — Fundamentals Week,billiards,,40,"[{""order"": 0, ""drillId"": ""810d35f6-e458-4fac-a95a-b4ba011636e4"", ""drillTitle"": ""Billiards Warm-up Circuit"", ""durationMin"": 20}, {""order"": 1, ""drillId"": ""da32ceab-99e5-4e11-949b-2c33f140ce18"", ""drillTitle"": ""Billiards Core Skill Builder"", ""durationMin"": 20}]",active,2301f327-b291-495d-a14f-e55b1f1f9212,Structured billiards session built from the drill bank.,{},{}
cd50d1d1-7aca-4384-a7b2-2c2fdc88b872,,,,Billiards — Match Prep Week,billiards,,40,"[{""order"": 0, ""drillId"": ""da32ceab-99e5-4e11-949b-2c33f140ce18"", ""drillTitle"": ""Billiards Core Skill Builder"", ""durationMin"": 20}, {""order"": 1, ""drillId"": ""e45a0347-3078-4a68-bc46-552fd0d42943"", ""drillTitle"": ""Billiards Match Simulation"", ""durationMin"": 20}]",active,2301f327-b291-495d-a14f-e55b1f1f9212,Structured billiards session built from the drill bank.,{},{}
4704382b-a120-4348-aedb-9056f8eefc33,,,,Cricket — Fundamentals Week,cricket,,40,"[{""order"": 0, ""drillId"": ""bf766726-a200-4565-acf6-0117543d1bdc"", ""drillTitle"": ""Cricket Warm-up Circuit"", ""durationMin"": 20}, {""order"": 1, ""drillId"": ""418eef0c-36ba-456d-ad5e-7671ba685b21"", ""drillTitle"": ""Cricket Core Skill Builder"", ""durationMin"": 20}]",active,2301f327-b291-495d-a14f-e55b1f1f9212,Structured cricket session built from the drill bank.,{},{}
fd5b7089-a925-4f48-bffb-5bfde9b7c52e,,,,Cricket — Match Prep Week,cricket,,40,"[{""order"": 0, ""drillId"": ""418eef0c-36ba-456d-ad5e-7671ba685b21"", ""drillTitle"": ""Cricket Core Skill Builder"", ""durationMin"": 20}, {""order"": 1, ""drillId"": ""191e8d26-9f36-4a53-823f-a14295992103"", ""drillTitle"": ""Cricket Match Simulation"", ""durationMin"": 20}]",active,2301f327-b291-495d-a14f-e55b1f1f9212,Structured cricket session built from the drill bank.,{},{}
a999abb1-2dcc-407e-a35d-c5081525f749,,,,Hockey — Fundamentals Week,hockey,,40,"[{""order"": 0, ""drillId"": ""85bbd14c-528c-4732-8752-9f70541a5400"", ""drillTitle"": ""Hockey Warm-up Circuit"", ""durationMin"": 20}, {""order"": 1, ""drillId"": ""b8a33b89-2820-4613-8c45-06a20cc12ca9"", ""drillTitle"": ""Hockey Core Skill Builder"", ""durationMin"": 20}]",active,2301f327-b291-495d-a14f-e55b1f1f9212,Structured hockey session built from the drill bank.,{},{}
fe168864-0eb0-45f1-a287-c8dc52863bee,,,,Hockey — Match Prep Week,hockey,,40,"[{""order"": 0, ""drillId"": ""b8a33b89-2820-4613-8c45-06a20cc12ca9"", ""drillTitle"": ""Hockey Core Skill Builder"", ""durationMin"": 20}, {""order"": 1, ""drillId"": ""70a961d1-b763-49fd-9b67-20d4f29435b6"", ""drillTitle"": ""Hockey Match Simulation"", ""durationMin"": 20}]",active,2301f327-b291-495d-a14f-e55b1f1f9212,Structured hockey session built from the drill bank.,{},{}
29afe8fc-d9f7-41fb-9dc6-d483e087d931,,,,Kabaddi — Fundamentals Week,kabaddi,,40,"[{""order"": 0, ""drillId"": ""1766e94e-0d8d-43b1-9d89-cab59cc9f406"", ""drillTitle"": ""Kabaddi Warm-up Circuit"", ""durationMin"": 20}, {""order"": 1, ""drillId"": ""d14e565b-c15d-4f6c-8280-9a985c944e6c"", ""drillTitle"": ""Kabaddi Core Skill Builder"", ""durationMin"": 20}]",active,2301f327-b291-495d-a14f-e55b1f1f9212,Structured kabaddi session built from the drill bank.,{},{}
1f1735d1-7a01-4ef8-867f-5baffba05837,,,,Kabaddi — Match Prep Week,kabaddi,,40,"[{""order"": 0, ""drillId"": ""d14e565b-c15d-4f6c-8280-9a985c944e6c"", ""drillTitle"": ""Kabaddi Core Skill Builder"", ""durationMin"": 20}, {""order"": 1, ""drillId"": ""44e64a57-304c-4caf-b0e2-31ff420ea95a"", ""drillTitle"": ""Kabaddi Match Simulation"", ""durationMin"": 20}]",active,2301f327-b291-495d-a14f-e55b1f1f9212,Structured kabaddi session built from the drill bank.,{},{}
6caea0ff-8dd4-4b79-ac3a-8cab642c3669,,,,Swimming — Fundamentals Week,swimming,,40,"[{""order"": 0, ""drillId"": ""5981d699-59c9-4eb1-912d-80aea570f3b3"", ""drillTitle"": ""Swimming Warm-up Circuit"", ""durationMin"": 20}, {""order"": 1, ""drillId"": ""8dc2fdda-48c9-4f09-873a-74376299e91c"", ""drillTitle"": ""Swimming Core Skill Builder"", ""durationMin"": 20}]",active,2301f327-b291-495d-a14f-e55b1f1f9212,Structured swimming session built from the drill bank.,{},{}
f8aea977-c4e6-4e8b-8497-594b4cb77bb8,,,,Swimming — Match Prep Week,swimming,,40,"[{""order"": 0, ""drillId"": ""8dc2fdda-48c9-4f09-873a-74376299e91c"", ""drillTitle"": ""Swimming Core Skill Builder"", ""durationMin"": 20}, {""order"": 1, ""drillId"": ""eafcfaf9-3624-4b99-a915-3f3de3c14308"", ""drillTitle"": ""Swimming Match Simulation"", ""durationMin"": 20}]",active,2301f327-b291-495d-a14f-e55b1f1f9212,Structured swimming session built from the drill bank.,{},{}
d493b4dc-c62b-4255-bbac-414e792bfdc1,,,,Table Tennis — Fundamentals Week,table_tennis,,40,"[{""order"": 0, ""drillId"": ""e907cda6-b6b8-48dc-8178-cae48acf1275"", ""drillTitle"": ""Table Tennis Warm-up Circuit"", ""durationMin"": 20}, {""order"": 1, ""drillId"": ""ab99a313-98c9-4dcb-9943-e7308156665c"", ""drillTitle"": ""Table Tennis Core Skill Builder"", ""durationMin"": 20}]",active,2301f327-b291-495d-a14f-e55b1f1f9212,Structured table tennis session built from the drill bank.,{},{}
c6ab0e6d-7a9d-474b-9525-8ce0d057391f,,,,Table Tennis — Match Prep Week,table_tennis,,40,"[{""order"": 0, ""drillId"": ""ab99a313-98c9-4dcb-9943-e7308156665c"", ""drillTitle"": ""Table Tennis Core Skill Builder"", ""durationMin"": 20}, {""order"": 1, ""drillId"": ""3a196044-a34a-4441-8711-83f47efb6503"", ""drillTitle"": ""Table Tennis Match Simulation"", ""durationMin"": 20}]",active,2301f327-b291-495d-a14f-e55b1f1f9212,Structured table tennis session built from the drill bank.,{},{}
5570ad05-8c27-432a-b214-0474173d4a5d,,,,Throwball — Fundamentals Week,throwball,,40,"[{""order"": 0, ""drillId"": ""51f2220b-83f8-4104-ab79-d72af0ad05fa"", ""drillTitle"": ""Throwball Warm-up Circuit"", ""durationMin"": 20}, {""order"": 1, ""drillId"": ""6aed7e28-49a0-4e0c-8076-4166997c30a1"", ""drillTitle"": ""Throwball Core Skill Builder"", ""durationMin"": 20}]",active,2301f327-b291-495d-a14f-e55b1f1f9212,Structured throwball session built from the drill bank.,{},{}
a97c3d4f-7c5e-403a-95cf-03c0bfaf23c0,,,,Throwball — Match Prep Week,throwball,,40,"[{""order"": 0, ""drillId"": ""6aed7e28-49a0-4e0c-8076-4166997c30a1"", ""drillTitle"": ""Throwball Core Skill Builder"", ""durationMin"": 20}, {""order"": 1, ""drillId"": ""e6d5a4a7-2378-4d3d-998c-5bf8a00c17bf"", ""drillTitle"": ""Throwball Match Simulation"", ""durationMin"": 20}]",active,2301f327-b291-495d-a14f-e55b1f1f9212,Structured throwball session built from the drill bank.,{},{}
4234c465-77cd-43c6-ad45-a19ee7d8d72f,,,,Track and Field — Fundamentals Week,track_and_field,,40,"[{""order"": 0, ""drillId"": ""765d3e72-79a8-4d29-be08-207548abc616"", ""drillTitle"": ""Track and Field Warm-up Circuit"", ""durationMin"": 20}, {""order"": 1, ""drillId"": ""ec16b903-ad88-40f1-bd68-5ce4acf781c2"", ""drillTitle"": ""Track and Field Core Skill Builder"", ""durationMin"": 20}]",active,2301f327-b291-495d-a14f-e55b1f1f9212,Structured track and field session built from the drill bank.,{},{}
72540df4-8504-4ff7-9e4b-a7ce0c3c6827,,,,Track and Field — Match Prep Week,track_and_field,,40,"[{""order"": 0, ""drillId"": ""ec16b903-ad88-40f1-bd68-5ce4acf781c2"", ""drillTitle"": ""Track and Field Core Skill Builder"", ""durationMin"": 20}, {""order"": 1, ""drillId"": ""70e2081d-187c-4f15-8105-578257bf3e17"", ""drillTitle"": ""Track and Field Match Simulation"", ""durationMin"": 20}]",active,2301f327-b291-495d-a14f-e55b1f1f9212,Structured track and field session built from the drill bank.,{},{}
8b82a636-d89a-44b5-bfe6-91bab833dd03,,,,Volleyball — Fundamentals Week,volleyball,,40,"[{""order"": 0, ""drillId"": ""cdb138d4-d790-47ee-a05f-2e7f2fe38154"", ""drillTitle"": ""Volleyball Warm-up Circuit"", ""durationMin"": 20}, {""order"": 1, ""drillId"": ""75ffa4fc-61c4-483e-be75-77bed464cbf2"", ""drillTitle"": ""Volleyball Core Skill Builder"", ""durationMin"": 20}]",active,2301f327-b291-495d-a14f-e55b1f1f9212,Structured volleyball session built from the drill bank.,{},{}
2ab97078-646f-4716-ad0f-9f571bde13be,,,,Volleyball — Match Prep Week,volleyball,,40,"[{""order"": 0, ""drillId"": ""75ffa4fc-61c4-483e-be75-77bed464cbf2"", ""drillTitle"": ""Volleyball Core Skill Builder"", ""durationMin"": 20}, {""order"": 1, ""drillId"": ""d441314a-685a-4d9a-9728-0f70ee93a58c"", ""drillTitle"": ""Volleyball Match Simulation"", ""durationMin"": 20}]",active,2301f327-b291-495d-a14f-e55b1f1f9212,Structured volleyball session built from the drill bank.,{},{}
2adb4203-3b81-46d5-b956-8d318bb9bc1a,,,,Basketball Progression — Team Offense Basics,basketball,intermediate,60,"[{""order"": 0, ""drillId"": ""60e25412-897d-4765-b4b1-5dd20e659a6f"", ""category"": ""Finishing"", ""drillTitle"": ""Mikan Layup Series"", ""durationMin"": 15}, {""order"": 1, ""drillId"": ""8ebb4b51-ef9c-4ce6-9a78-52fe99f07e40"", ""category"": ""Ball Handling"", ""drillTitle"": ""Two-Ball Dribbling"", ""durationMin"": 15}, {""order"": 2, ""drillId"": ""019c9c80-80a8-4025-b61f-8285cb969257"", ""category"": ""Shooting"", ""drillTitle"": ""Form Shooting Close Range"", ""durationMin"": 15}]",active,2301f327-b291-495d-a14f-e55b1f1f9212,"Pass-and-cut, spacing and 3v3 decision making.","{Pass-and-cut,""spacing and 3v3 decision making.""}",{}
ec2e52ad-e030-4aae-90b0-97c18fdb33cc,,,,Billiards Foundation — Stance & Cueing,billiards,beginner,60,"[{""order"": 0, ""drillId"": ""7398cddc-f2a1-4216-bb10-5527607eea4d"", ""category"": ""Cue Action"", ""drillTitle"": ""Straight Cueing Bottle Drill"", ""durationMin"": 15}, {""order"": 1, ""drillId"": ""2620a093-57f3-4301-b888-ab1662e9000b"", ""category"": ""Position Play"", ""drillTitle"": ""Stop Shot Control"", ""durationMin"": 15}, {""order"": 2, ""drillId"": ""41f23154-74d5-4ebd-973d-c9e5de21f8fa"", ""category"": ""Potting"", ""drillTitle"": ""Line-Up Potting Routine"", ""durationMin"": 15}]",active,2301f327-b291-495d-a14f-e55b1f1f9212,"Bridge, stance, straight cue delivery and centre-ball striking.","{Bridge,stance,""straight cue delivery and centre-ball striking.""}",{}
9ddedfe3-3840-4e73-ba1a-00cb73bfb13b,b0dd6813-bdc6-475a-8d58-b7485bb5f072,,,Badminton Progression — Rally Building,badminton,intermediate,60,"[{""order"": 0, ""drillId"": ""e763eb12-108d-4d12-b4bd-61642cb189e2"", ""category"": ""Footwork"", ""drillTitle"": ""Shadow Footwork 6 Corners"", ""durationMin"": 15}, {""order"": 1, ""drillId"": ""3be72987-e113-4228-8831-dceecb058e2d"", ""category"": ""Serving"", ""drillTitle"": ""High Serve Consistency"", ""durationMin"": 15}, {""order"": 2, ""drillId"": ""5c92d3da-4ca2-43d3-b2cc-0e172c53fd05"", ""category"": ""Net Play"", ""drillTitle"": ""Net Kill Reaction Drill"", ""durationMin"": 15}]",active,2301f327-b291-495d-a14f-e55b1f1f9212,Clear-drop-net rally patterns and recovering to base.,"{""Clear-drop-net rally patterns and recovering to base.""}",{}
bbb044bc-0250-40e0-836f-c077437fe722,,,,Basketball Foundation — Handle & Finish,basketball,beginner,60,"[{""order"": 0, ""drillId"": ""60e25412-897d-4765-b4b1-5dd20e659a6f"", ""category"": ""Finishing"", ""drillTitle"": ""Mikan Layup Series"", ""durationMin"": 15}, {""order"": 1, ""drillId"": ""8ebb4b51-ef9c-4ce6-9a78-52fe99f07e40"", ""category"": ""Ball Handling"", ""drillTitle"": ""Two-Ball Dribbling"", ""durationMin"": 15}, {""order"": 2, ""drillId"": ""019c9c80-80a8-4025-b61f-8285cb969257"", ""category"": ""Shooting"", ""drillTitle"": ""Form Shooting Close Range"", ""durationMin"": 15}]",active,2301f327-b291-495d-a14f-e55b1f1f9212,"Stationary handle, triple threat and Mikan finishing.","{""Stationary handle"",""triple threat and Mikan finishing.""}",{}
a4fa5f09-b959-4031-9cc4-7b9baec924bf,,,,Billiards Progression — Position Basics,billiards,intermediate,60,"[{""order"": 0, ""drillId"": ""7398cddc-f2a1-4216-bb10-5527607eea4d"", ""category"": ""Cue Action"", ""drillTitle"": ""Straight Cueing Bottle Drill"", ""durationMin"": 15}, {""order"": 1, ""drillId"": ""2620a093-57f3-4301-b888-ab1662e9000b"", ""category"": ""Position Play"", ""drillTitle"": ""Stop Shot Control"", ""durationMin"": 15}, {""order"": 2, ""drillId"": ""41f23154-74d5-4ebd-973d-c9e5de21f8fa"", ""category"": ""Potting"", ""drillTitle"": ""Line-Up Potting Routine"", ""durationMin"": 15}]",active,2301f327-b291-495d-a14f-e55b1f1f9212,"Stun, follow and draw to hold position on the next ball.","{Stun,""follow and draw to hold position on the next ball.""}",{}
09547f9b-b7cc-444b-9a03-9a5a97b15002,,,,Cricket Foundation — Bat & Ball Basics,cricket,beginner,60,"[{""order"": 0, ""drillId"": ""d1f3120b-059c-431e-8fd3-0764d3ee1bc4"", ""category"": ""Batting"", ""drillTitle"": ""Front Foot Drive Technique"", ""durationMin"": 15}, {""order"": 1, ""drillId"": ""372f2ef2-f112-45a8-9c3f-81ed233e0830"", ""category"": ""Fielding"", ""drillTitle"": ""High Catch Fielding Circuit"", ""durationMin"": 15}, {""order"": 2, ""drillId"": ""ec1ce908-d986-4552-95a1-36b626b6ecc8"", ""category"": ""Bowling"", ""drillTitle"": ""Yorker Accuracy Challenge"", ""durationMin"": 15}]",active,2301f327-b291-495d-a14f-e55b1f1f9212,"Grip, stance and clean striking off a tee; safe catching position.","{Grip,""stance and clean striking off a tee; safe catching position.""}",{}
4da64062-54c0-491d-8167-9f9ff600e757,,,,Cricket Progression — Match Scenarios,cricket,intermediate,60,"[{""order"": 0, ""drillId"": ""d1f3120b-059c-431e-8fd3-0764d3ee1bc4"", ""category"": ""Batting"", ""drillTitle"": ""Front Foot Drive Technique"", ""durationMin"": 15}, {""order"": 1, ""drillId"": ""372f2ef2-f112-45a8-9c3f-81ed233e0830"", ""category"": ""Fielding"", ""drillTitle"": ""High Catch Fielding Circuit"", ""durationMin"": 15}, {""order"": 2, ""drillId"": ""ec1ce908-d986-4552-95a1-36b626b6ecc8"", ""category"": ""Bowling"", ""drillTitle"": ""Yorker Accuracy Challenge"", ""durationMin"": 15}]",active,2301f327-b291-495d-a14f-e55b1f1f9212,"Running between wickets, rotating strike and fielding under pressure.","{""Running between wickets"",""rotating strike and fielding under pressure.""}",{}
7d19870d-1c37-40df-a74e-7acfc7b80c7c,,,,Football Foundation — First Touch & Control,football,beginner,60,"[{""order"": 0, ""drillId"": ""f56bb3bc-18cc-4c5c-ab91-8c00641cf1c7"", ""category"": ""Dribbling"", ""drillTitle"": ""1v1 Dribbling Gates"", ""durationMin"": 15}, {""order"": 1, ""drillId"": ""621ebcb3-bcc3-43ab-894e-40994631ff29"", ""category"": ""Passing"", ""drillTitle"": ""Passing Diamond Rondo"", ""durationMin"": 15}, {""order"": 2, ""drillId"": ""8791940f-d157-443c-a49c-76cd79a09ae6"", ""category"": ""Shooting"", ""drillTitle"": ""Finishing From Crosses"", ""durationMin"": 15}]",active,2301f327-b291-495d-a14f-e55b1f1f9212,"Receiving on the back foot, cushioned first touch, dribbling confidence.","{""Receiving on the back foot"",""cushioned first touch"",""dribbling confidence.""}",{}
0d6b2529-b42a-4943-9614-b0c4b7c651dc,,,,Football Progression — Small-Sided Games,football,intermediate,60,"[{""order"": 0, ""drillId"": ""f56bb3bc-18cc-4c5c-ab91-8c00641cf1c7"", ""category"": ""Dribbling"", ""drillTitle"": ""1v1 Dribbling Gates"", ""durationMin"": 15}, {""order"": 1, ""drillId"": ""621ebcb3-bcc3-43ab-894e-40994631ff29"", ""category"": ""Passing"", ""drillTitle"": ""Passing Diamond Rondo"", ""durationMin"": 15}, {""order"": 2, ""drillId"": ""8791940f-d157-443c-a49c-76cd79a09ae6"", ""category"": ""Shooting"", ""drillTitle"": ""Finishing From Crosses"", ""durationMin"": 15}]",active,2301f327-b291-495d-a14f-e55b1f1f9212,"Decision-making in 3v3, pressing triggers and quick transitions.","{""Decision-making in 3v3"",""pressing triggers and quick transitions.""}",{}
af231d44-5126-494d-84fd-d37d988e2883,,,,Hockey Foundation — Grip & Dribble,hockey,beginner,60,"[{""order"": 0, ""drillId"": ""6067981d-ed8a-4d6f-85bc-2d9684e71195"", ""category"": ""Stickwork"", ""drillTitle"": ""Indian Dribble Cone Weave"", ""durationMin"": 15}, {""order"": 1, ""drillId"": ""a7233981-de62-44b3-b93a-c95bc284a283"", ""category"": ""Passing"", ""drillTitle"": ""Push Pass Accuracy Gates"", ""durationMin"": 15}, {""order"": 2, ""drillId"": ""ab3c7c4c-0283-4875-9889-d6016195eca8"", ""category"": ""Defence"", ""drillTitle"": ""Flat Stick Tackle Channel"", ""durationMin"": 15}]",active,2301f327-b291-495d-a14f-e55b1f1f9212,"Double-V grip, ball carry and push passing.","{""Double-V grip"",""ball carry and push passing.""}",{}
225863e5-4825-4044-8ded-9a0bc4c0737f,,,,Hockey Progression — 3v2 Attack,hockey,intermediate,60,"[{""order"": 0, ""drillId"": ""6067981d-ed8a-4d6f-85bc-2d9684e71195"", ""category"": ""Stickwork"", ""drillTitle"": ""Indian Dribble Cone Weave"", ""durationMin"": 15}, {""order"": 1, ""drillId"": ""a7233981-de62-44b3-b93a-c95bc284a283"", ""category"": ""Passing"", ""drillTitle"": ""Push Pass Accuracy Gates"", ""durationMin"": 15}, {""order"": 2, ""drillId"": ""ab3c7c4c-0283-4875-9889-d6016195eca8"", ""category"": ""Defence"", ""drillTitle"": ""Flat Stick Tackle Channel"", ""durationMin"": 15}]",active,2301f327-b291-495d-a14f-e55b1f1f9212,"Overlap runs, passing lanes and shooting on the reverse.","{""Overlap runs"",""passing lanes and shooting on the reverse.""}",{}
7f33e034-b277-4849-b334-03031e31fedc,,,,Kabaddi Foundation — Raid & Retreat,kabaddi,beginner,60,"[{""order"": 0, ""drillId"": ""fe052eb1-642f-4885-9183-7b4f35d32204"", ""category"": ""Raiding"", ""drillTitle"": ""Toe Touch Raid Practice"", ""durationMin"": 15}, {""order"": 1, ""drillId"": ""2c612d85-831d-4b34-8da2-643ef57620e6"", ""category"": ""Defence"", ""drillTitle"": ""Ankle Hold Chain Defence"", ""durationMin"": 15}, {""order"": 2, ""drillId"": ""06fe0e4e-13c1-4127-bf37-547f421b7ab3"", ""category"": ""Conditioning"", ""drillTitle"": ""Cant & Breath Control Runs"", ""durationMin"": 15}]",active,2301f327-b291-495d-a14f-e55b1f1f9212,"Safe raiding footwork, cant rhythm and lobby awareness.","{""Safe raiding footwork"",""cant rhythm and lobby awareness.""}",{}
3c441319-8c24-4131-88c2-e4b7a53d1f81,,,,Kabaddi Progression — Chain Defence,kabaddi,intermediate,60,"[{""order"": 0, ""drillId"": ""fe052eb1-642f-4885-9183-7b4f35d32204"", ""category"": ""Raiding"", ""drillTitle"": ""Toe Touch Raid Practice"", ""durationMin"": 15}, {""order"": 1, ""drillId"": ""2c612d85-831d-4b34-8da2-643ef57620e6"", ""category"": ""Defence"", ""drillTitle"": ""Ankle Hold Chain Defence"", ""durationMin"": 15}, {""order"": 2, ""drillId"": ""06fe0e4e-13c1-4127-bf37-547f421b7ab3"", ""category"": ""Conditioning"", ""drillTitle"": ""Cant & Breath Control Runs"", ""durationMin"": 15}]",active,2301f327-b291-495d-a14f-e55b1f1f9212,"Corner-cover coordination, ankle holds and super-tackle setups.","{""Corner-cover coordination"",""ankle holds and super-tackle setups.""}",{}
03dd1262-36d7-451f-9603-9fcd372532a8,,,,Swimming Foundation — Water Confidence,swimming,beginner,60,"[{""order"": 0, ""drillId"": ""c98064e7-3dcb-4b86-b23a-cfef138e352e"", ""category"": ""Technique"", ""drillTitle"": ""Freestyle Catch-Up Drill"", ""durationMin"": 15}, {""order"": 1, ""drillId"": ""2a1c9139-b280-403a-9e15-82f1288c1711"", ""category"": ""Starts & Turns"", ""drillTitle"": ""Streamline Push-Off Practice"", ""durationMin"": 15}, {""order"": 2, ""drillId"": ""5df7ba2c-fd87-4745-aa5b-240f887ee0c3"", ""category"": ""Kicking"", ""drillTitle"": ""Flutter Kick with Board"", ""durationMin"": 15}]",active,2301f327-b291-495d-a14f-e55b1f1f9212,"Breath control, floating, gliding and basic flutter kick.","{""Breath control"",floating,""gliding and basic flutter kick.""}",{}
46071a3f-e877-45af-8374-4ffef20bb38e,,,,Swimming Progression — Freestyle Endurance,swimming,intermediate,60,"[{""order"": 0, ""drillId"": ""c98064e7-3dcb-4b86-b23a-cfef138e352e"", ""category"": ""Technique"", ""drillTitle"": ""Freestyle Catch-Up Drill"", ""durationMin"": 15}, {""order"": 1, ""drillId"": ""2a1c9139-b280-403a-9e15-82f1288c1711"", ""category"": ""Starts & Turns"", ""drillTitle"": ""Streamline Push-Off Practice"", ""durationMin"": 15}, {""order"": 2, ""drillId"": ""5df7ba2c-fd87-4745-aa5b-240f887ee0c3"", ""category"": ""Kicking"", ""drillTitle"": ""Flutter Kick with Board"", ""durationMin"": 15}]",active,2301f327-b291-495d-a14f-e55b1f1f9212,Bilateral breathing and 4×25m freestyle with streamlined turns.,"{""Bilateral breathing and 4×25m freestyle with streamlined turns.""}",{}
d29135f0-411e-4fed-b08e-dea2e9699a75,,,,Tennis Foundation — Rally Ready,tennis,beginner,60,"[{""order"": 0, ""drillId"": ""8712ba7f-a4fa-48b4-a04e-1a8b3e53d8e2"", ""category"": ""Groundstrokes"", ""drillTitle"": ""Forehand Cross-Court Ladder"", ""durationMin"": 15}, {""order"": 1, ""drillId"": ""95258f90-737e-4a57-9f6c-b519741691cd"", ""category"": ""Footwork"", ""drillTitle"": ""Split-Step Reaction Drill"", ""durationMin"": 15}, {""order"": 2, ""drillId"": ""c1a68fdf-2ff5-4fda-be08-6e9ca3cc5df2"", ""category"": ""Serving"", ""drillTitle"": ""Serve Toss Consistency"", ""durationMin"": 15}]",active,2301f327-b291-495d-a14f-e55b1f1f9212,"Ready position, forehand/backhand swing shapes, mini-tennis rallies.","{""Ready position"",""forehand/backhand swing shapes"",""mini-tennis rallies.""}",{}
fead39e9-6b37-42e3-8a2c-2344117237ef,,,,Tennis Progression — Serve & Return,tennis,intermediate,60,"[{""order"": 0, ""drillId"": ""8712ba7f-a4fa-48b4-a04e-1a8b3e53d8e2"", ""category"": ""Groundstrokes"", ""drillTitle"": ""Forehand Cross-Court Ladder"", ""durationMin"": 15}, {""order"": 1, ""drillId"": ""95258f90-737e-4a57-9f6c-b519741691cd"", ""category"": ""Footwork"", ""drillTitle"": ""Split-Step Reaction Drill"", ""durationMin"": 15}, {""order"": 2, ""drillId"": ""c1a68fdf-2ff5-4fda-be08-6e9ca3cc5df2"", ""category"": ""Serving"", ""drillTitle"": ""Serve Toss Consistency"", ""durationMin"": 15}]",active,2301f327-b291-495d-a14f-e55b1f1f9212,"Full serve motion and deep returns, first-strike patterns.","{""Full serve motion and deep returns"",""first-strike patterns.""}",{}
54915390-2c9b-4398-a0b4-e270b2c7fe03,,,,Throwball Foundation — Catch & Throw,throwball,beginner,60,"[{""order"": 0, ""drillId"": ""c9f5d26d-80e0-405c-8940-39dea39e6655"", ""category"": ""Throwing"", ""drillTitle"": ""Overhead Throw Accuracy"", ""durationMin"": 15}, {""order"": 1, ""drillId"": ""5ced0fc2-9218-4a5a-b7fb-bc0d6b31115c"", ""category"": ""Receiving"", ""drillTitle"": ""Two-Hand Catch & Release"", ""durationMin"": 15}, {""order"": 2, ""drillId"": ""1be2aad5-9791-4a86-bdef-43e751c00f7a"", ""category"": ""Serving"", ""drillTitle"": ""Service Line Placement"", ""durationMin"": 15}]",active,2301f327-b291-495d-a14f-e55b1f1f9212,"Legal catches, overhead throwing form and court positions.","{""Legal catches"",""overhead throwing form and court positions.""}",{}
10bd7c61-3e04-424f-b7e6-fabc0509f771,,,,Throwball Progression — Rally Tactics,throwball,intermediate,60,"[{""order"": 0, ""drillId"": ""c9f5d26d-80e0-405c-8940-39dea39e6655"", ""category"": ""Throwing"", ""drillTitle"": ""Overhead Throw Accuracy"", ""durationMin"": 15}, {""order"": 1, ""drillId"": ""5ced0fc2-9218-4a5a-b7fb-bc0d6b31115c"", ""category"": ""Receiving"", ""drillTitle"": ""Two-Hand Catch & Release"", ""durationMin"": 15}, {""order"": 2, ""drillId"": ""1be2aad5-9791-4a86-bdef-43e751c00f7a"", ""category"": ""Serving"", ""drillTitle"": ""Service Line Placement"", ""durationMin"": 15}]",active,2301f327-b291-495d-a14f-e55b1f1f9212,"Placement over power, covering the court in threes.","{""Placement over power"",""covering the court in threes.""}",{}
cfe527cc-d57b-46fd-8927-e34de2f51b70,,,,Volleyball Foundation — Pass & Set,volleyball,beginner,60,"[{""order"": 0, ""drillId"": ""88ab44d7-f22c-4883-952e-74293987418f"", ""category"": ""Passing"", ""drillTitle"": ""Wall Passing Control"", ""durationMin"": 15}, {""order"": 1, ""drillId"": ""f8990361-68ed-4ec8-88f5-366c0b0ebb07"", ""category"": ""Setting"", ""drillTitle"": ""Setter Triangle Footwork"", ""durationMin"": 15}, {""order"": 2, ""drillId"": ""17331143-b512-4e26-8bfa-299bdad7a87c"", ""category"": ""Serving"", ""drillTitle"": ""Serve Target Zones"", ""durationMin"": 15}]",active,2301f327-b291-495d-a14f-e55b1f1f9212,"Platform control, setting hands and basic court movement.","{""Platform control"",""setting hands and basic court movement.""}",{}
ae8d912d-0cc3-4f60-85af-83f548a97843,,,,Volleyball Progression — Serve Receive,volleyball,intermediate,60,"[{""order"": 0, ""drillId"": ""88ab44d7-f22c-4883-952e-74293987418f"", ""category"": ""Passing"", ""drillTitle"": ""Wall Passing Control"", ""durationMin"": 15}, {""order"": 1, ""drillId"": ""f8990361-68ed-4ec8-88f5-366c0b0ebb07"", ""category"": ""Setting"", ""drillTitle"": ""Setter Triangle Footwork"", ""durationMin"": 15}, {""order"": 2, ""drillId"": ""17331143-b512-4e26-8bfa-299bdad7a87c"", ""category"": ""Serving"", ""drillTitle"": ""Serve Target Zones"", ""durationMin"": 15}]",active,2301f327-b291-495d-a14f-e55b1f1f9212,W-formation receive and free-ball transitions.,"{""W-formation receive and free-ball transitions.""}",{}
109f1eca-6917-4f31-a66f-df9e78213305,,,,Athletics Foundation — Run Jump Throw,track_and_field,beginner,60,"[{""order"": 0, ""drillId"": ""27b076e8-8ff4-4c6b-9a84-239db802be72"", ""category"": ""Sprint Mechanics"", ""drillTitle"": ""A-Skip and B-Skip Warmup"", ""durationMin"": 15}, {""order"": 1, ""drillId"": ""1674560b-353b-496d-86c5-510e2cf11203"", ""category"": ""Starts"", ""drillTitle"": ""Acceleration Wall Drill"", ""durationMin"": 15}, {""order"": 2, ""drillId"": ""babc34f0-526b-41a7-8cff-8ff0d561c614"", ""category"": ""Jumps"", ""drillTitle"": ""Standing Long Jump Technique"", ""durationMin"": 15}]",active,2301f327-b291-495d-a14f-e55b1f1f9212,"Sprint posture, jumping take-offs and safe landing shapes.","{""Sprint posture"",""jumping take-offs and safe landing shapes.""}",{}
69b83f6c-6a66-4e7c-8456-185ea30e00a8,,,,Athletics Progression — Sprint Starts,track_and_field,intermediate,60,"[{""order"": 0, ""drillId"": ""27b076e8-8ff4-4c6b-9a84-239db802be72"", ""category"": ""Sprint Mechanics"", ""drillTitle"": ""A-Skip and B-Skip Warmup"", ""durationMin"": 15}, {""order"": 1, ""drillId"": ""1674560b-353b-496d-86c5-510e2cf11203"", ""category"": ""Starts"", ""drillTitle"": ""Acceleration Wall Drill"", ""durationMin"": 15}, {""order"": 2, ""drillId"": ""babc34f0-526b-41a7-8cff-8ff0d561c614"", ""category"": ""Jumps"", ""drillTitle"": ""Standing Long Jump Technique"", ""durationMin"": 15}]",active,2301f327-b291-495d-a14f-e55b1f1f9212,"Reaction, acceleration phase and upright transition over 30m.","{Reaction,""acceleration phase and upright transition over 30m.""}",{}
f758d618-d2ea-4b65-af1f-ed96fac1bfb6,9951f74d-2376-429e-8688-d6107233b71e,,,Badminton,badminton,intermediate,90,[],active,2301f327-b291-495d-a14f-e55b1f1f9212,session,{},{}
c7e812f3-3888-4c5b-9a35-ee2b2ad7ce9f,0f99abad-570f-4eb6-b0ef-3eaa3c4a352a,,,Footwork Week mrg0tz4h,badminton,,,[],active,7f232f2e-fba6-4e1b-bba7-1ebaaa3e748e,,{},{}
dac51df4-c149-4d71-a26e-d367c86035a5,b0dd6813-bdc6-475a-8d58-b7485bb5f072,,,Badminton Foundation — Grips & Serves,badminton,beginner,60,"[{""order"": 0, ""drillId"": ""e763eb12-108d-4d12-b4bd-61642cb189e2"", ""category"": ""Footwork"", ""drillTitle"": ""Shadow Footwork 6 Corners"", ""durationMin"": 15}, {""order"": 1, ""drillId"": ""3be72987-e113-4228-8831-dceecb058e2d"", ""category"": ""Serving"", ""drillTitle"": ""High Serve Consistency"", ""durationMin"": 15}, {""order"": 2, ""drillId"": ""5c92d3da-4ca2-43d3-b2cc-0e172c53fd05"", ""category"": ""Net Play"", ""drillTitle"": ""Net Kill Reaction Drill"", ""durationMin"": 15}]",active,2301f327-b291-495d-a14f-e55b1f1f9212,"Forehand/backhand grip changes, high serve and low serve shapes.","{""Forehand/backhand grip changes"",""high serve and low serve shapes.""}",{}
b855cd74-013c-43ca-b6e2-1fb8eaa73af3,,,,Table Tennis Foundation — Grip & Drive,table_tennis,beginner,60,"[{""order"": 0, ""drillId"": ""e7724fac-766a-4986-b7e9-333877793883"", ""category"": ""Strokes"", ""drillTitle"": ""Forehand Drive Shadow + Multiball"", ""durationMin"": 15}, {""order"": 1, ""drillId"": ""c6e87665-34e2-4005-9798-8f5aad1da855"", ""category"": ""Serving"", ""drillTitle"": ""Backspin Serve Practice"", ""durationMin"": 15}, {""order"": 2, ""drillId"": ""d73c92bd-8e47-46b9-a14b-9506347e187f"", ""category"": ""Footwork"", ""drillTitle"": ""Falkenberg Footwork Pattern"", ""durationMin"": 15}]",active,2301f327-b291-495d-a14f-e55b1f1f9212,"Shakehand grip, forehand/backhand drives, service rules.","{""Shakehand grip"",""forehand/backhand drives"",""service rules.""}",{}
6e5e4d23-4164-4f76-8a98-5b661e05437d,,,,Table Tennis Progression — Spin School,table_tennis,intermediate,60,"[{""order"": 0, ""drillId"": ""e7724fac-766a-4986-b7e9-333877793883"", ""category"": ""Strokes"", ""drillTitle"": ""Forehand Drive Shadow + Multiball"", ""durationMin"": 15}, {""order"": 1, ""drillId"": ""c6e87665-34e2-4005-9798-8f5aad1da855"", ""category"": ""Serving"", ""drillTitle"": ""Backspin Serve Practice"", ""durationMin"": 15}, {""order"": 2, ""drillId"": ""d73c92bd-8e47-46b9-a14b-9506347e187f"", ""category"": ""Footwork"", ""drillTitle"": ""Falkenberg Footwork Pattern"", ""durationMin"": 15}]",active,2301f327-b291-495d-a14f-e55b1f1f9212,"Reading spin, backspin pushes and first topspin attack.","{""Reading spin"",""backspin pushes and first topspin attack.""}",{}
a0e9c3cd-2472-424f-b769-4b7d1be0e86b,,,,Net Play Week mrg0tz4h,badminton,,,[],active,7f232f2e-fba6-4e1b-bba7-1ebaaa3e748e,,{},{}
be1eca13-7d1b-41c6-a491-be49045c87b3,,,,Passing Basics mrg0tz4h,football,,,[],active,e95754e6-0dac-4bf8-943a-a282a0f64675,,{},{}
07ffa026-d951-4093-b1f9-83f77c9e669a,,,,Shooting Drills mrg0tz4h,football,,,[],active,e95754e6-0dac-4bf8-943a-a282a0f64675,,{},{}
72dea32d-36c9-4147-a34f-23f61058d67c,ac091c3a-ebdd-40ff-91ce-72aacb3116ec,,,Footwork Week mrg0wcls,badminton,,,[],active,a4a2e357-78c8-4ac3-afb3-beb09fb7ce00,,{},{}
96b66069-9fb1-416e-afa4-65132ea95a47,,,,Net Play Week mrg0wcls,badminton,,,[],active,a4a2e357-78c8-4ac3-afb3-beb09fb7ce00,,{},{}
18de5080-c67a-4aff-9899-66740467aa00,,,,Passing Basics mrg0wcls,football,,,[],active,f38bd662-eb76-4f72-9a26-14dec18e2710,,{},{}
7429dc9e-d94c-450c-aaa7-804c3c12c6a0,,,,Shooting Drills mrg0wcls,football,,,[],active,f38bd662-eb76-4f72-9a26-14dec18e2710,,{},{}
4365f587-c67b-4977-9610-196f75f75c36,28ff7b9b-b09a-4450-a41d-2c903f28517d,,,Footwork Week mrg0xhly,badminton,,,[],active,33e2f340-b022-4192-8529-ac92be698eb0,,{},{}
47bb8711-4f62-4304-a990-129364d5f83e,,,,Net Play Week mrg0xhly,badminton,,,[],active,33e2f340-b022-4192-8529-ac92be698eb0,,{},{}
4b7b54bd-ee3d-441f-bcda-0d29d84a4168,,,,Passing Basics mrg0xhly,football,,,[],active,68856101-7089-4784-a7e3-efe434a3d5a5,,{},{}
5731e64a-f4e8-42e8-b241-56ac76fffb43,,,,Shooting Drills mrg0xhly,football,,,[],active,68856101-7089-4784-a7e3-efe434a3d5a5,,{},{}
7e95635c-1f39-4fda-9311-61a67eb9f273,a2ceacd8-c9cc-46d5-a5e5-9eab167f4e01,,,Footwork Week mrgoklc7,badminton,,,[],active,c8010f09-96b2-403a-81de-5a7143a9b32c,,{},{}
ff138a6d-5d81-4ca8-81a6-69d8f41c8c0a,,,,Net Play Week mrgoklc7,badminton,,,[],active,c8010f09-96b2-403a-81de-5a7143a9b32c,,{},{}
47e5770b-9b1c-4886-8d75-6497589d7afb,,,,Passing Basics mrgoklc7,football,,,[],active,cc9d2b0e-90e6-4de4-ab39-acaeef193070,,{},{}
5bf9a782-301c-4620-9120-11e72cfd01d3,,,,Shooting Drills mrgoklc7,football,,,[],active,cc9d2b0e-90e6-4de4-ab39-acaeef193070,,{},{}
5aefd8e1-14f9-42c3-a7a7-045dbc97bae5,,,,Badminton — Foundation Session,badminton,beginner,35,"[{""order"": 0, ""drillId"": ""00556f7e-27aa-4595-b0a7-a13cfc9f50be"", ""drillTitle"": ""Badminton — Dynamic Warm-up"", ""durationMin"": 10}, {""order"": 1, ""drillId"": ""ac998426-b410-4740-a4cd-6a9c6f7b3e5e"", ""drillTitle"": ""Badminton — Core Skills Circuit"", ""durationMin"": 25}]",active,,Introduce and consolidate the core movement and technique base for badminton.,"{""Safe warm-up habits"",""Fundamental technique"",""Small-group game sense""}","{Cones,Markers,Whistle}"
39eb365a-edf3-478e-a7ec-b1ead21abee8,,,,Basketball — Foundation Session,basketball,beginner,35,"[{""order"": 0, ""drillId"": ""033bd5be-5ad5-49a9-9282-01523a2c1448"", ""drillTitle"": ""Basketball — Dynamic Warm-up"", ""durationMin"": 10}, {""order"": 1, ""drillId"": ""7abfb5be-7ba3-4ca5-bcbc-6cf96fa2d441"", ""drillTitle"": ""Basketball — Core Skills Circuit"", ""durationMin"": 25}]",active,,Introduce and consolidate the core movement and technique base for basketball.,"{""Safe warm-up habits"",""Fundamental technique"",""Small-group game sense""}","{Cones,Markers,Whistle}"
9fe39246-eee5-4ed3-a0c6-6524f2d440af,,,,Billiards — Foundation Session,billiards,beginner,35,"[{""order"": 0, ""drillId"": ""e177b193-fe8d-4ff0-b3f5-f71bf5b48ca4"", ""drillTitle"": ""Billiards — Dynamic Warm-up"", ""durationMin"": 10}, {""order"": 1, ""drillId"": ""504d0670-6728-41bf-8c53-3e0ec27abdad"", ""drillTitle"": ""Billiards — Core Skills Circuit"", ""durationMin"": 25}]",active,,Introduce and consolidate the core movement and technique base for billiards.,"{""Safe warm-up habits"",""Fundamental technique"",""Small-group game sense""}","{Cones,Markers,Whistle}"
10aa915e-ba39-46d6-bd51-484b105b69fa,,,,Chess — Foundation Session,chess,beginner,35,"[{""order"": 0, ""drillId"": ""974496ab-6c89-4747-b608-bde3604f381e"", ""drillTitle"": ""Chess — Dynamic Warm-up"", ""durationMin"": 10}, {""order"": 1, ""drillId"": ""a3cc69b6-039b-4692-85c8-1f56d998b6d2"", ""drillTitle"": ""Chess — Core Skills Circuit"", ""durationMin"": 25}]",active,,Introduce and consolidate the core movement and technique base for chess.,"{""Safe warm-up habits"",""Fundamental technique"",""Small-group game sense""}","{Cones,Markers,Whistle}"
535a2db4-0942-46fd-a265-6309d9559516,,,,Cricket — Foundation Session,cricket,beginner,35,"[{""order"": 0, ""drillId"": ""5b4987f6-a9b2-4647-b800-7f7fe9c0da7c"", ""drillTitle"": ""Cricket — Dynamic Warm-up"", ""durationMin"": 10}, {""order"": 1, ""drillId"": ""ed46941c-08a3-4759-8b96-091de6eb7ee3"", ""drillTitle"": ""Cricket — Core Skills Circuit"", ""durationMin"": 25}]",active,,Introduce and consolidate the core movement and technique base for cricket.,"{""Safe warm-up habits"",""Fundamental technique"",""Small-group game sense""}","{Cones,Markers,Whistle}"
4d97bfd6-78bb-4bb5-b22d-79fbe15b8c3e,,,,Football — Foundation Session,football,beginner,35,"[{""order"": 0, ""drillId"": ""049fbc17-4d74-480d-9855-69576a0f116b"", ""drillTitle"": ""Football — Dynamic Warm-up"", ""durationMin"": 10}, {""order"": 1, ""drillId"": ""b87928cc-b544-41f9-8397-07e83ff000fe"", ""drillTitle"": ""Football — Core Skills Circuit"", ""durationMin"": 25}]",active,,Introduce and consolidate the core movement and technique base for football.,"{""Safe warm-up habits"",""Fundamental technique"",""Small-group game sense""}","{Cones,Markers,Whistle}"
0f54b755-c060-4292-b167-5d5b5e9427de,,,,Hockey — Foundation Session,hockey,beginner,35,"[{""order"": 0, ""drillId"": ""1b94b8fd-3707-436a-900e-99309b7ce41c"", ""drillTitle"": ""Hockey — Dynamic Warm-up"", ""durationMin"": 10}, {""order"": 1, ""drillId"": ""8baa7a7f-b9c6-4a7a-a29d-e03d11bf86c0"", ""drillTitle"": ""Hockey — Core Skills Circuit"", ""durationMin"": 25}]",active,,Introduce and consolidate the core movement and technique base for hockey.,"{""Safe warm-up habits"",""Fundamental technique"",""Small-group game sense""}","{Cones,Markers,Whistle}"
192e6abf-4292-48d8-8d76-defef0758a9f,,,,Kabaddi — Foundation Session,kabaddi,beginner,35,"[{""order"": 0, ""drillId"": ""2b8bb0a5-c210-4854-9c10-90375d539da9"", ""drillTitle"": ""Kabaddi — Dynamic Warm-up"", ""durationMin"": 10}, {""order"": 1, ""drillId"": ""eb5ed1d5-0aa0-4d3a-b0f3-959626fe566f"", ""drillTitle"": ""Kabaddi — Core Skills Circuit"", ""durationMin"": 25}]",active,,Introduce and consolidate the core movement and technique base for kabaddi.,"{""Safe warm-up habits"",""Fundamental technique"",""Small-group game sense""}","{Cones,Markers,Whistle}"
f658c46a-6f0f-421b-893c-c8b0151daf29,,,,Swimming — Foundation Session,swimming,beginner,35,"[{""order"": 0, ""drillId"": ""10aa5f1b-af51-4f8c-b648-8fc0a3bff29c"", ""drillTitle"": ""Swimming — Dynamic Warm-up"", ""durationMin"": 10}, {""order"": 1, ""drillId"": ""4b814e34-16c2-46fd-8cbb-2f4d9923d82c"", ""drillTitle"": ""Swimming — Core Skills Circuit"", ""durationMin"": 25}]",active,,Introduce and consolidate the core movement and technique base for swimming.,"{""Safe warm-up habits"",""Fundamental technique"",""Small-group game sense""}","{Cones,Markers,Whistle}"
89b096d3-0e8f-4d20-9297-5b9ee78b77d4,,,,Table Tennis — Foundation Session,table_tennis,beginner,35,"[{""order"": 0, ""drillId"": ""b08e4463-ee18-423b-82c1-8d8e40b07675"", ""drillTitle"": ""Table Tennis — Dynamic Warm-up"", ""durationMin"": 10}, {""order"": 1, ""drillId"": ""6cf2b9a5-c880-48e7-bbb7-861a6e849ba1"", ""drillTitle"": ""Table Tennis — Core Skills Circuit"", ""durationMin"": 25}]",active,,Introduce and consolidate the core movement and technique base for table tennis.,"{""Safe warm-up habits"",""Fundamental technique"",""Small-group game sense""}","{Cones,Markers,Whistle}"
49af26dd-75a3-4b2b-aa0a-91fb44e7c469,,,,Tennis — Foundation Session,tennis,beginner,35,"[{""order"": 0, ""drillId"": ""66aa2888-3159-434f-ab3a-8a3a4a441c8f"", ""drillTitle"": ""Tennis — Dynamic Warm-up"", ""durationMin"": 10}, {""order"": 1, ""drillId"": ""8c32cd68-75c2-4e47-8cdd-9038ab173d7f"", ""drillTitle"": ""Tennis — Core Skills Circuit"", ""durationMin"": 25}]",active,,Introduce and consolidate the core movement and technique base for tennis.,"{""Safe warm-up habits"",""Fundamental technique"",""Small-group game sense""}","{Cones,Markers,Whistle}"
be10f858-0c87-4b5a-83f2-94d8cc70a833,,,,Throwball — Foundation Session,throwball,beginner,35,"[{""order"": 0, ""drillId"": ""47886056-6105-456e-8ec8-ec97c0862fb0"", ""drillTitle"": ""Throwball — Dynamic Warm-up"", ""durationMin"": 10}, {""order"": 1, ""drillId"": ""aaada2de-c5ce-41cd-acd5-c47f05d04b3b"", ""drillTitle"": ""Throwball — Core Skills Circuit"", ""durationMin"": 25}]",active,,Introduce and consolidate the core movement and technique base for throwball.,"{""Safe warm-up habits"",""Fundamental technique"",""Small-group game sense""}","{Cones,Markers,Whistle}"
191731e9-d059-4692-a79a-eca939fd0a2e,,,,Track and Field — Foundation Session,track_and_field,beginner,35,"[{""order"": 0, ""drillId"": ""1eedc87a-ebc3-4386-9e25-bc123fde5832"", ""drillTitle"": ""Track and Field — Dynamic Warm-up"", ""durationMin"": 10}, {""order"": 1, ""drillId"": ""2799ff46-118b-4a31-8b0a-902fe927528a"", ""drillTitle"": ""Track and Field — Core Skills Circuit"", ""durationMin"": 25}]",active,,Introduce and consolidate the core movement and technique base for track and field.,"{""Safe warm-up habits"",""Fundamental technique"",""Small-group game sense""}","{Cones,Markers,Whistle}"
1cf59750-c8b7-4d65-b13a-dac7aa3c7598,,,,Volleyball — Foundation Session,volleyball,beginner,35,"[{""order"": 0, ""drillId"": ""5f13916f-6fc3-4972-926b-2fb8b8b6a724"", ""drillTitle"": ""Volleyball — Dynamic Warm-up"", ""durationMin"": 10}, {""order"": 1, ""drillId"": ""566e31f9-9446-4b03-8bcc-92ea457d5a63"", ""drillTitle"": ""Volleyball — Core Skills Circuit"", ""durationMin"": 25}]",active,,Introduce and consolidate the core movement and technique base for volleyball.,"{""Safe warm-up habits"",""Fundamental technique"",""Small-group game sense""}","{Cones,Markers,Whistle}"
256d3ccf-56a2-4d92-8b88-9bb006406fe9,,,,Badminton Speed Session mrgqjnw8 (copy),badminton,advanced,15,"[{""order"": 0, ""drillId"": ""db013b45-76c3-4213-9ce6-d013af2fb8f9"", ""drillTitle"": ""Footwork Ladder mrgqjnw8"", ""durationMin"": 15}]",upcoming,ada199a5-7ceb-4795-9d75-14d0c22b7342,Our tweak,{},{Ladder}
bb615163-dd55-4283-9eb4-f37ed953334b,04b85b58-b7ac-49fa-9e10-e9086d6d4284,,,Footwork Week mrgqjzgd,badminton,,,[],active,907d68a2-a097-4d78-9d22-3ccc63e76836,,{},{}
1339b995-4d8e-4444-96f8-6678f3921f46,,,,Net Play Week mrgqjzgd,badminton,,,[],active,907d68a2-a097-4d78-9d22-3ccc63e76836,,{},{}
759e9d7f-4af1-4dfa-b2e5-cca5697d7dd1,,,,Passing Basics mrgqjzgd,football,,,[],active,d43d2d6d-c198-4fd0-a40d-13837fa5098f,,{},{}
635c87f0-4559-418a-ad87-ca59bd971421,,,,Shooting Drills mrgqjzgd,football,,,[],active,d43d2d6d-c198-4fd0-a40d-13837fa5098f,,{},{}
8bc14664-824f-460c-81db-a1b70e9c5711,ac961278-71b6-496d-bd3c-b490c55addcb,,,Footwork Week mrgs93is,badminton,,,[],active,9082658f-3397-444d-b03d-53a7d3d12f90,,{},{}
27132e71-1473-44f9-a9b9-cebbf11bdd67,,,,Net Play Week mrgs93is,badminton,,,[],active,9082658f-3397-444d-b03d-53a7d3d12f90,,{},{}
5bd74d8b-cecb-4820-859e-04f922ae5844,,,,Passing Basics mrgs93is,football,,,[],active,86222ee7-07a5-46e5-a2f6-5fcfd78d6d6e,,{},{}
5d414a3e-4770-43a7-a4cc-f95a886da506,,,,Shooting Drills mrgs93is,football,,,[],active,86222ee7-07a5-46e5-a2f6-5fcfd78d6d6e,,{},{}
c9bc0219-938d-4f2e-9a1b-13baf0b5b79f,3e47f36d-44fc-417d-a48a-d10f8f7813c2,,,Footwork Week mrhefj4s,badminton,,,[],active,1ad6705f-0387-46ad-811b-3654dda4a5de,,{},{}
6b6c1c7e-2d33-40b7-9308-1045bd93e6b0,,,,Net Play Week mrhefj4s,badminton,,,[],active,1ad6705f-0387-46ad-811b-3654dda4a5de,,{},{}
ca0e7d98-80eb-42f9-ab92-aafea69fab6f,,,,Passing Basics mrhefj4s,football,,,[],active,477c981c-6ef3-45dc-b96a-dc7b747e1378,,{},{}
c74caf94-2ae2-47ca-8874-651c0bae3e1e,,,,Shooting Drills mrhefj4s,football,,,[],active,477c981c-6ef3-45dc-b96a-dc7b747e1378,,{},{}
a416c938-5d13-463c-9e4e-f73f7aa737d4,,,,Badminton Speed Session mrheg0nt (copy),badminton,advanced,15,"[{""order"": 0, ""drillId"": ""35b5ea00-a631-4a5d-b5a8-aa0fd9e19ec1"", ""drillTitle"": ""Footwork Ladder mrheg0nt"", ""durationMin"": 15}]",upcoming,ada199a5-7ceb-4795-9d75-14d0c22b7342,Our tweak,{},{Ladder}
5b2c2393-9dd5-46aa-9381-12a8c2e01d54,3bc38ae8-f1b2-4df1-b6c4-2cb6c0cb5853,,,Footwork Week mrhiiekq,badminton,,,[],active,8d191c92-6386-4771-89ee-687aba633011,,{},{}
8c3ac54f-0012-42a9-a450-b30ea53599a5,,,,Net Play Week mrhiiekq,badminton,,,[],active,8d191c92-6386-4771-89ee-687aba633011,,{},{}
fda316ae-6c82-4444-9e55-642aaf7209b6,,,,Passing Basics mrhiiekq,football,,,[],active,b3a48533-2a0e-4812-9bf7-0ec2847051a1,,{},{}
3c281366-70fe-4a6f-8d9d-8ddeeb422447,,,,Shooting Drills mrhiiekq,football,,,[],active,b3a48533-2a0e-4812-9bf7-0ec2847051a1,,{},{}
1d39626e-02ef-4d22-8b4b-72da6851105b,59be364f-a78e-4929-8697-7863814fead9,,,Footwork Week mrii7zmk,badminton,,,[],active,626f1292-2017-47f3-9928-68470695b4fc,,{},{}
d5cc7b4f-63b4-43ec-b855-66649efb6115,,,,Net Play Week mrii7zmk,badminton,,,[],active,626f1292-2017-47f3-9928-68470695b4fc,,{},{}
0e8509cb-29cb-4275-9ebb-84ae6181e937,,,,Passing Basics mrii7zmk,football,,,[],active,87571f48-cb0f-401d-8f47-abfa03e1201a,,{},{}
b8cf0e14-0133-4180-8fc9-be9b88ce69e0,,,,Shooting Drills mrii7zmk,football,,,[],active,87571f48-cb0f-401d-8f47-abfa03e1201a,,{},{}
